WT serotonin control 0.abf,,,,,,,,,,,,,,,,,,,,,,,,,,,,,,,,,,,,,,,,,,,,,,,,,,,,,,,,
Sample_Rate,,Peaks,Annot,,loc,sumP,begin,term,length,sign,class,,,R_loc,R_sumP,R_length,E_loc,E_sumP,E_length,r2_loc,r2_sumP,r2_length,e1_loc,e1_sumP,e1_length,numIPSP,sumIPSP,numEPSP,sumEPSP,,,IPSP_loc,IPSP_sumP,IPSP_begin,IPSP_term,IPSP_length,IPSP_sign,IPSP_class,,,EPSP_loc,EPSP_sumP,EPSP_begin,EPSP_term,EPSP_length,EPSP_sign,EPSP_class,,,,spkName,label,R,G,B,classID
1000,,6291,e,,6291,39.21819397,6285,6302,19,1,6,,,6434,-1312.59105,24,6310,505.6994629,24,6452,-59.12618637,22,6291,39.21819305,19,0,0,0,0,,,0,0,0,0,0,0,0,,,0,0,0,0,0,0,0,,,,unclassified,,0.5,0.5,0.5,1
,,6310,E,,6310,505.6994531,6303,6325,24,1,4,,,7567,-1016.525404,19,7465,544.0455322,19,7620,-64.01714325,20,7454,-40.10669327,19,0,0,0,0,,,,,,,,,,,,,,,,,,,,,,pump,,0,0,1,2
,,6434,R,,6434,1312.59105,6421,6443,24,-1,3,,,9630,-1265.29353,11,9487,248.9003754,40,9651,-61.29503632,21,9447,40.2894249,31,0,0,0,0,,,,,,,,,,,,,,,,,,,,,,R,R,0,1,0,3
,,6452,r,,6452,59.12618688,6444,6464,22,-1,5,,,11073,-1433.704084,14,10932,466.9647217,28,11096,-64.33581543,22,10919,34.00291443,19,0,0,0,0,,,,,,,,,,,,,,,,,,,,,,E,E,1,0,0,4
,,7454,e,,7454,40.10669278,7442,7459,19,-1,6,,,12711,-1362.178204,26,12576,518.9908447,24,12745,-56.32707977,18,12564,38.99205399,19,0,0,0,0,,,,,,,,,,,,,,,,,,,,,,r2,r,1,1,0,5
,,7465,E,,7465,544.0455303,7460,7477,19,1,4,,,14424,-1223.180215,26,14336,357.0727539,27,14500,-45.69205093,26,14316,-25.76209641,19,0,0,0,0,,,,,,,,,,,,,,,,,,,,,,e1,e,1,0,1,6
,,7567,R,,7567,1016.525404,7564,7581,19,-1,3,,,15034,-1636.353463,49,14749,479.6560364,38,0,0,0,0,0,0,0,0,0,0,,,,,,,,,,,,,,,,,,,,,,IPSP,P,0,1,1,7
,,7620,r,,7620,64.01714238,7612,7630,20,-1,5,,,18034,-1205.954007,31,17929,581.4560547,26,18093,-55.18555832,27,17915,32.15164566,19,0,0,0,0,,,,,,,,,,,,,,,,,,,,,,EPSP,i,1,0.8,0,8
,,9447,e,,9447,40.28942402,9441,9470,31,1,6,,,18807,-1406.314256,25,18628,475.3188171,39,18822,-65.92733765,18,18597,29.58914566,21,0,0,0,0,,,,,,,,,,,,,,,,,,,,,,,,,,,
,,9487,E,,9487,248.9003698,9471,9509,40,1,4,,,20329,-1549.40484,44,19976,317.219635,29,0,0,0,19913,28.60037231,21,0,0,0,0,,,,,,,,,,,,,,,,,,,,,,,,,,,
,,9630,R,,9630,1265.29353,9625,9634,11,-1,3,,,22533,-1307.783267,36,22357,297.5865784,34,0,0,0,22312,35.08022308,17,0,0,0,0,,,,,,,,,,,,,,,,,,,,,,,,,,,
,,9651,r,,9651,61.29503654,9643,9662,21,-1,5,,,25774,-1388.185921,18,25655,196.1929626,42,25830,-53.32760239,31,25563,47.56745529,25,0,0,0,0,,,,,,,,,,,,,,,,,,,,,,,,,,,
,,10919,e,,10919,34.00291623,10906,10923,19,1,6,,,26428,-1721.48863,37,26090,558.4257813,25,0,0,0,26077,-48.88438797,16,0,0,0,0,,,,,,,,,,,,,,,,,,,,,,,,,,,
,,10932,E,,10932,466.9647299,10924,10950,28,1,4,,,29336,-1539.936616,9,29189,104.4729919,38,29368,-53.67666626,26,0,0,0,0,0,0,0,,,,,,,,,,,,,,,,,,,,,,,,,,,
,,11073,R,,11073,1433.704084,11065,11077,14,-1,3,,,29924,-1683.187934,52,29634,583.6367188,27,0,0,0,29618,-18.34472656,13,0,0,0,0,,,,,,,,,,,,,,,,,,,,,,,,,,,
,,11096,r,,11096,64.3358162,11085,11105,22,-1,5,,,31796,-1360.823378,22,31662,492.3502197,29,31834,-46.27158737,26,31644,41.61899948,26,0,0,0,0,,,,,,,,,,,,,,,,,,,,,,,,,,,
,,12564,e,,12564,38.99205411,12552,12569,19,1,6,,,33368,-1726.260489,45,33029,69.32432556,32,0,0,0,0,0,0,0,0,0,0,,,,,,,,,,,,,,,,,,,,,,,,,,,
,,12576,E,,12576,518.9908174,12570,12592,24,1,4,,,34748,-1907.546141,39,34438,236.1674805,35,0,0,0,34407,38.28743744,25,0,0,0,0,,,,,,,,,,,,,,,,,,,,,,,,,,,
,,12711,R,,12711,1362.178204,12703,12727,26,-1,3,,,37970,-1369.726681,26,37812,347.5410156,31,37989,-59.86096191,17,37782,69.13813019,40,0,0,0,0,,,,,,,,,,,,,,,,,,,,,,,,,,,
,,12745,r,,12745,56.32707963,12738,12754,18,-1,5,,,39787,-1632.90942,19,39578,334.6283569,27,39799,55.0075531,16,39566,39.10243607,16,0,0,0,0,,,,,,,,,,,,,,,,,,,,,,,,,,,
,,14316,e,,14316,25.76209632,14309,14326,19,-1,6,,,42556,-1319.810134,9,42404,127.2625961,36,42585,-49.22774887,26,42376,38.79445267,33,0,0,0,0,,,,,,,,,,,,,,,,,,,,,,,,,,,
,,14336,E,,14336,357.0727434,14327,14352,27,1,4,,,43158,-1544.301825,41,42843,501.7302856,21,0,0,0,42833,49.08773422,15,0,0,0,0,,,,,,,,,,,,,,,,,,,,,,,,,,,
,,14424,R,,14424,1223.180215,14418,14442,26,-1,3,,,45970,-1705.582096,17,45623,420.9205933,29,45981,-53.9152832,8,45600,30.97706795,28,0,0,0,0,,,,,,,,,,,,,,,,,,,,,,,,,,,
,,14500,r,,14500,45.69205052,14491,14515,26,-1,5,,,47822,-1932.139031,53,47517,155.8230133,39,0,0,0,0,0,0,0,0,0,0,,,,,,,,,,,,,,,,,,,,,,,,,,,
,,14749,E,,14749,479.6560351,14731,14767,38,1,4,,,49115,-1882.367289,35,48784,394.1007996,29,0,0,0,48704,26.75824928,24,0,0,0,0,,,,,,,,,,,,,,,,,,,,,,,,,,,
,,15034,R,,15034,1636.353463,15010,15057,49,-1,3,,,50796,-2025.093241,59,50490,206.8402252,36,0,0,0,50468,25.43105125,22,0,0,0,0,,,,,,,,,,,,,,,,,,,,,,,,,,,
,,17915,e,,17915,32.1516455,17903,17920,19,1,6,,,51785,-1900.961501,44,51479,404.6628418,31,0,0,0,51464,24.11252022,8,0,0,0,0,,,,,,,,,,,,,,,,,,,,,,,,,,,
,,17929,E,,17929,581.4560298,17921,17945,26,1,4,,,53048,-1953.641286,35,52732,570.1066284,25,0,0,0,52714,27.79273796,16,0,0,0,0,,,,,,,,,,,,,,,,,,,,,,,,,,,
,,18034,R,,18034,1205.954007,18028,18057,31,-1,3,,,54045,-1948.977088,39,53746,771.5631714,24,0,0,0,53734,43.4513588,18,0,0,0,0,,,,,,,,,,,,,,,,,,,,,,,,,,,
,,18093,r,,18093,55.1855574,18081,18106,27,-1,5,,,55058,-2008.590534,50,54770,281.2059631,32,0,0,0,54740,26.57661819,19,0,0,0,0,,,,,,,,,,,,,,,,,,,,,,,,,,,
,,18597,e,,18597,29.58914521,18588,18607,21,1,6,,,55660,-1621.844809,53,55392,734.7958984,37,0,0,0,55376,26.97847176,17,0,0,0,0,,,,,,,,,,,,,,,,,,,,,,,,,,,
,,18628,E,,18628,475.3188323,18609,18646,39,1,4,,,56421,-2011.642113,61,56142,681.5691528,34,0,0,0,56123,34.90602112,21,0,0,0,0,,,,,,,,,,,,,,,,,,,,,,,,,,,
,,18807,R,,18807,1406.314256,18790,18813,25,-1,3,,,57322,-2007.3548,56,57053,463.129364,25,0,0,0,57044,45.94286346,10,0,0,0,0,,,,,,,,,,,,,,,,,,,,,,,,,,,
,,18822,r,,18822,65.92733565,18814,18830,18,-1,5,,,58545,-1720.419772,51,58286,125.0512772,37,0,0,0,0,0,0,0,0,0,0,,,,,,,,,,,,,,,,,,,,,,,,,,,
,,19913,e,,19913,28.60037145,19906,19925,21,1,6,,,59176,-1933.81576,63,58937,497.6146851,28,0,0,0,58915,51.19079971,24,0,0,0,0,,,,,,,,,,,,,,,,,,,,,,,,,,,
,,19976,E,,19976,317.2196292,19966,19993,29,1,4,,,59914,-1758.386473,53,59668,803.0914307,27,0,0,0,59659,41.25471115,17,0,0,0,0,,,,,,,,,,,,,,,,,,,,,,,,,,,
,,20329,R,,20329,1549.40484,20307,20349,44,-1,3,,,61223,-1686.754598,56,60949,400.1122437,33,0,0,0,60936,52.90637589,16,0,0,0,0,,,,,,,,,,,,,,,,,,,,,,,,,,,
,,22312,e,,22312,35.08022425,22303,22318,17,1,6,,,62242,-2008.334333,63,61976,390.7412415,40,0,0,0,61954,21.45605659,17,0,0,0,0,,,,,,,,,,,,,,,,,,,,,,,,,,,
,,22357,E,,22357,297.5865748,22344,22376,34,1,4,,,63051,-2011.35513,78,62794,497.0385742,46,0,0,0,62758,33.82723999,27,0,0,0,0,,,,,,,,,,,,,,,,,,,,,,,,,,,
,,22533,R,,22533,1307.783267,22513,22547,36,-1,3,,,64086,-2078.981322,85,63822,389.8414917,33,0,0,0,63805,37.85332489,17,0,0,0,0,,,,,,,,,,,,,,,,,,,,,,,,,,,
,,25563,e,,25563,47.56745588,25554,25577,25,1,6,,,64833,-2052.410118,68,64588,341.59021,31,0,0,0,64574,36.49927139,15,0,0,0,0,,,,,,,,,,,,,,,,,,,,,,,,,,,
,,25655,E,,25655,196.1929603,25634,25674,42,1,4,,,66252,-2013.289732,58,65990,118.2173462,49,0,0,0,65962,17.24943542,11,0,0,0,0,,,,,,,,,,,,,,,,,,,,,,,,,,,
,,25774,R,,25774,1388.185921,25769,25785,18,-1,3,,,67370,-1771.003268,69,67112,208.2352905,32,0,0,0,67081,51.83001709,28,0,0,0,0,,,,,,,,,,,,,,,,,,,,,,,,,,,
,,25830,r,,25830,53.32760082,25809,25838,31,-1,5,,,68492,-1949.763198,60,68216,728.8640137,25,0,0,0,68205,43.01599884,14,0,0,0,0,,,,,,,,,,,,,,,,,,,,,,,,,,,
,,26077,e,,26077,48.88438982,26069,26083,16,-1,6,,,71363,-1511.209927,31,71185,365.6896973,28,71382,-64.52248383,16,71169,42.2232399,18,0,0,0,0,,,,,,,,,,,,,,,,,,,,,,,,,,,
,,26090,E,,26090,558.4257735,26084,26107,25,1,4,,,71737,-1391.249864,17,71543,682.2559204,24,71745,-34.47018433,5,71528,-47.62121582,14,0,0,0,0,,,,,,,,,,,,,,,,,,,,,,,,,,,
,,26428,R,,26428,1721.48863,26405,26440,37,-1,3,,,74385,-1715.153602,54,74165,739.7492065,32,0,0,0,0,0,0,0,0,0,0,,,,,,,,,,,,,,,,,,,,,,,,,,,
,,29189,E,,29189,104.4729943,29171,29207,38,1,4,,,74845,-1931.020652,60,74556,668.2054443,53,0,0,0,0,0,0,0,0,0,0,,,,,,,,,,,,,,,,,,,,,,,,,,,
,,29336,R,,29336,1539.936616,29332,29339,9,-1,3,,,75884,-2100.928417,89,75591,640.986145,32,0,0,0,0,0,0,0,0,0,0,,,,,,,,,,,,,,,,,,,,,,,,,,,
,,29368,r,,29368,53.67666622,29360,29384,26,-1,5,,,77265,-1762.329843,59,76964,547.7172852,28,0,0,0,76947,-81.88140106,21,0,0,0,0,,,,,,,,,,,,,,,,,,,,,,,,,,,
,,29618,e,,29618,18.34472668,29610,29621,13,-1,6,,,78540,-1935.884815,67,78241,347.3229065,34,0,0,0,78218,49.95577621,24,0,0,0,0,,,,,,,,,,,,,,,,,,,,,,,,,,,
,,29634,E,,29634,583.6367099,29622,29647,27,1,4,,,80237,-1950.519802,47,79908,620.40979,27,0,0,0,79893,56.07720947,13,0,0,0,0,,,,,,,,,,,,,,,,,,,,,,,,,,,
,,29924,R,,29924,1683.187934,29903,29953,52,-1,3,,,82958,-1954.545944,59,82645,270.0365295,31,0,0,0,82625,-39.46972275,22,0,0,0,0,,,,,,,,,,,,,,,,,,,,,,,,,,,
,,31644,e,,31644,41.61899891,31629,31653,26,1,6,,,84652,-1864.094851,47,84297,805.84021,29,0,0,0,84284,40.91670227,17,0,0,0,0,,,,,,,,,,,,,,,,,,,,,,,,,,,
,,31662,E,,31662,492.3502093,31654,31681,29,1,4,,,86135,-1707.414143,66,85805,397.0480042,34,0,0,0,85784,30.62232399,17,0,0,0,0,,,,,,,,,,,,,,,,,,,,,,,,,,,
,,31796,R,,31796,1360.823378,31788,31808,22,-1,3,,,87058,-2050.669718,79,86773,275.7144775,23,0,0,0,86760,-8.177459717,6,0,0,0,0,,,,,,,,,,,,,,,,,,,,,,,,,,,
,,31834,r,,31834,46.27158662,31821,31845,26,-1,5,,,87796,-2082.532162,60,87519,858.3320313,29,0,0,0,87499,31.35092735,19,0,0,0,0,,,,,,,,,,,,,,,,,,,,,,,,,,,
,,33029,E,,33029,69.3243241,33012,33042,32,1,4,,,88592,-1686.915678,49,88334,775.3157349,40,0,0,0,88316,20.12853241,11,0,0,0,0,,,,,,,,,,,,,,,,,,,,,,,,,,,
,,33368,R,,33368,1726.260489,33342,33385,45,-1,3,,,89341,-1723.926007,45,89088,570.9462891,31,0,0,0,89063,-9.38283062,10,0,0,0,0,,,,,,,,,,,,,,,,,,,,,,,,,,,
,,34407,e,,34407,38.28743697,34398,34421,25,1,6,,,89944,-1688.759218,34,89724,478.370575,48,0,0,0,89685,30.83744049,19,0,0,0,0,,,,,,,,,,,,,,,,,,,,,,,,,,,
,,34438,E,,34438,236.1674739,34422,34455,35,1,4,,,90504,-1479.618517,43,90282,366.7899475,43,0,0,0,90224,33.98671722,26,0,0,0,0,,,,,,,,,,,,,,,,,,,,,,,,,,,
,,34748,R,,34748,1907.546141,34725,34762,39,-1,3,,,91102,-1734.866252,51,90889,882.1074219,26,0,0,0,90875,40.59806061,17,0,0,0,0,,,,,,,,,,,,,,,,,,,,,,,,,,,
,,37782,e,,37782,69.13813062,37755,37793,40,1,6,,,91692,-1786.045058,35,91484,353.4125671,25,0,0,0,91474,32.5716095,13,0,0,0,0,,,,,,,,,,,,,,,,,,,,,,,,,,,
,,37812,E,,37812,347.5410214,37798,37827,31,1,4,,,92266,-1777.294769,58,92057,538.0125122,34,0,0,0,0,0,0,0,0,0,0,,,,,,,,,,,,,,,,,,,,,,,,,,,
,,37970,R,,37970,1369.726681,37954,37978,26,-1,3,,,92706,-1755.477478,26,92514,593.6704102,44,92717,65.58352661,20,0,0,0,0,0,0,0,,,,,,,,,,,,,,,,,,,,,,,,,,,
,,37989,r,,37989,59.86096077,37984,37999,17,-1,5,,,93211,-1709.100048,31,93018,673.7299805,24,93222,50.6625824,10,93001,31.41394043,14,0,0,0,0,,,,,,,,,,,,,,,,,,,,,,,,,,,
,,39451,e,,39451,31.50039258,39445,39461,18,1,6,,,93888,-1643.896304,22,93680,432.8396606,36,0,0,0,93636,26.93595314,16,0,0,0,0,,,,,,,,,,,,,,,,,,,,,,,,,,,
,,39483,e,,39483,45.21929163,39477,39497,22,1,6,,,93914,3.085888624,4,0,0,0,0,0,0,0,0,0,0,0,0,0,,,,,,,,,,,,,,,,,,,,,,,,,,,
,,39521,e,,39521,25.89354294,39511,39529,20,1,6,,,94449,-1674.278713,18,94258,528.3491821,31,94459,48.19155121,10,94245,17.96305275,13,0,0,0,0,,,,,,,,,,,,,,,,,,,,,,,,,,,
,,39566,e,,39566,39.10243442,39556,39570,16,1,6,,,95094,-1462.259135,21,94899,454.2427063,31,95105,61.91637421,16,0,0,0,0,0,0,0,,,,,,,,,,,,,,,,,,,,,,,,,,,
,,39578,E,,39578,334.6283679,39571,39596,27,1,4,,,95484,-1542.74009,15,95311,548.5354004,34,95497,-69.13219452,9,95288,35.8771286,26,0,0,0,0,,,,,,,,,,,,,,,,,,,,,,,,,,,
,,39787,R,,39787,1632.90942,39775,39792,19,-1,3,,,96013,-1535.790068,17,95829,574.7080688,31,96027,-81.84818268,13,95806,25.15163994,18,0,0,0,0,,,,,,,,,,,,,,,,,,,,,,,,,,,
,,39799,r,,39799,55.00755452,39793,39807,16,1,5,,,96392,-1698.878283,23,96221,690.9390869,23,96404,-55.94369125,7,96205,34.93626404,17,0,0,0,0,,,,,,,,,,,,,,,,,,,,,,,,,,,
,,42376,e,,42376,38.79445247,42361,42392,33,1,6,,,96985,-1760.564959,19,96807,233.3938293,35,97002,-96.41911316,25,96745,25.48779297,17,0,0,0,0,,,,,,,,,,,,,,,,,,,,,,,,,,,
,,42404,E,,42404,127.2625924,42394,42428,36,1,4,,,97334,-1742.608427,21,97163,542.2905884,25,97342,-35.52381516,5,97146,31.64100456,17,0,0,0,0,,,,,,,,,,,,,,,,,,,,,,,,,,,
,,42556,R,,42556,1319.810134,42551,42558,9,-1,3,,,97759,-1522.769598,20,97597,478.9514465,26,97782,-93.59152985,30,0,0,0,0,0,0,0,,,,,,,,,,,,,,,,,,,,,,,,,,,
,,42585,r,,42585,49.22775011,42574,42598,26,-1,5,,,98085,-1667.865552,21,97925,560.710022,34,98099,-64.47081757,12,97913,-47.49182892,11,0,0,0,0,,,,,,,,,,,,,,,,,,,,,,,,,,,
,,42833,e,,42833,49.08773603,42823,42836,15,1,6,,,98566,-1797.603418,20,98406,277.4845581,28,98592,-70.11865997,24,0,0,0,0,0,0,0,,,,,,,,,,,,,,,,,,,,,,,,,,,
,,42843,E,,42843,501.730276,42837,42856,21,1,4,,,98901,-1453.846202,18,98745,548.7906494,28,98919,-68.13989258,12,98730,24.86970901,16,0,0,0,0,,,,,,,,,,,,,,,,,,,,,,,,,,,
,,43158,R,,43158,1544.301825,43132,43171,41,-1,3,,,99227,-1585.140022,27,99074,591.1794434,25,99243,-47.53353882,13,99054,33.01793289,22,0,0,0,0,,,,,,,,,,,,,,,,,,,,,,,,,,,
,,45600,e,,45600,30.97706858,45584,45610,28,1,6,,,99555,-1814.301484,31,99404,633.4553833,30,99576,-50.00091171,16,99388,24.9939785,11,0,0,0,0,,,,,,,,,,,,,,,,,,,,,,,,,,,
,,45623,E,,45623,420.9205868,45612,45639,29,1,4,,,99923,-1523.863663,31,99776,655.8877563,24,99949,-70.09340668,23,99759,34.0688324,18,0,0,0,0,,,,,,,,,,,,,,,,,,,,,,,,,,,
,,45970,R,,45970,1705.582096,45961,45976,17,-1,3,,,100402,-1584.275702,37,100252,457.6085205,28,100434,-82.86113739,27,100234,28.96062469,21,0,0,0,0,,,,,,,,,,,,,,,,,,,,,,,,,,,
,,45981,r,,45981,53.91528444,45977,45983,8,-1,5,,,100710,-1638.118768,18,100560,492.7913208,27,100728,-59.22871017,10,100542,102.7111206,17,0,0,0,0,,,,,,,,,,,,,,,,,,,,,,,,,,,
,,47517,E,,47517,155.8230108,47498,47535,39,1,4,,,101265,-1562.777138,16,101112,360.8215027,29,101296,-67.47418976,20,101088,36.66135788,20,0,0,0,0,,,,,,,,,,,,,,,,,,,,,,,,,,,
,,47822,R,,47822,1932.139031,47797,47848,53,-1,3,,,101608,-1542.492714,20,101457,691.5744019,32,101628,-73.06990814,21,101444,47.61774826,14,0,0,0,0,,,,,,,,,,,,,,,,,,,,,,,,,,,
,,48659,e,,48659,34.45055645,48652,48679,29,1,6,,,102065,-1496.72473,14,101914,518.5254517,32,102095,-75.44148254,24,101898,21.79149055,11,0,0,0,0,,,,,,,,,,,,,,,,,,,,,,,,,,,
,,48704,e,,48704,26.7582499,48694,48716,24,1,6,,,102448,-1774.206332,16,102294,627.3231201,31,102469,-66.15534973,18,102275,26.36262512,19,0,0,0,0,,,,,,,,,,,,,,,,,,,,,,,,,,,
,,48784,E,,48784,394.1008051,48775,48802,29,1,4,,,102775,-1679.514192,18,102627,641.529541,27,102795,-63.64974594,16,102618,67.8666153,12,0,0,0,0,,,,,,,,,,,,,,,,,,,,,,,,,,,
,,49115,R,,49115,1882.367289,49092,49125,35,-1,3,,,103092,-1452.883117,20,102947,557.1930542,20,103110,-47.26203918,15,102938,17.18008614,10,0,0,0,0,,,,,,,,,,,,,,,,,,,,,,,,,,,
,,50468,e,,50468,25.43105108,50457,50477,22,1,6,,,103413,-1488.927864,15,103271,571.534729,25,103435,-66.11711121,13,103253,45.78881836,18,0,0,0,0,,,,,,,,,,,,,,,,,,,,,,,,,,,
,,50490,E,,50490,206.8402195,50478,50512,36,1,4,,,103914,-1724.276273,22,103764,250.341629,34,103940,-66.7848053,17,103662,44.57620239,29,0,0,0,0,,,,,,,,,,,,,,,,,,,,,,,,,,,
,,50796,R,,50796,2025.093241,50767,50824,59,-1,3,,,104205,-1428.283357,22,104064,431.9389343,32,104226,-46.00386047,13,104046,57.9408989,18,0,0,0,0,,,,,,,,,,,,,,,,,,,,,,,,,,,
,,51424,e,,51424,48.73853699,51408,51437,31,1,6,,,104594,-1581.448113,30,104449,353.0400696,48,104621,-74.14228821,21,104397,-11.96111107,10,0,0,0,0,,,,,,,,,,,,,,,,,,,,,,,,,,,
,,51464,e,,51464,24.11252058,51460,51466,8,1,6,,,104901,-1416.449942,20,104760,541.1675415,33,104922,-62.19869614,21,104743,41.95350266,17,0,0,0,0,,,,,,,,,,,,,,,,,,,,,,,,,,,
,,51479,E,,51479,404.6628471,51467,51496,31,1,4,,,105215,-1692.819566,24,105077,673.0574951,30,105239,-60.37045288,18,105067,49.87546921,9,0,0,0,0,,,,,,,,,,,,,,,,,,,,,,,,,,,
,,51785,R,,51785,1900.961501,51759,51801,44,-1,3,,,105615,-1716.33615,30,105472,248.7372589,36,105641,-57.12162018,19,105443,37.3131485,26,0,0,0,0,,,,,,,,,,,,,,,,,,,,,,,,,,,
,,52622,e,,52622,33.15842461,52616,52634,20,1,6,,,105919,2.779252125,4,105792,641.0949097,32,0,0,0,105778,43.92147827,19,0,0,0,0,,,,,,,,,,,,,,,,,,,,,,,,,,,
,,52714,e,,52714,27.79273806,52710,52724,16,1,6,,,105932,-1647.636823,19,0,0,0,105954,-60.38475037,13,0,0,0,0,0,0,0,,,,,,,,,,,,,,,,,,,,,,,,,,,
,,52732,E,,52732,570.1066427,52725,52748,25,1,4,,,106443,-1576.401149,34,106297,476.6394653,27,106472,-79.42987823,24,106274,35.2292099,19,0,0,0,0,,,,,,,,,,,,,,,,,,,,,,,,,,,
,,53048,R,,53048,1953.641286,53028,53061,35,-1,3,,,106740,-1595.566502,31,106598,497.0877075,27,106759,-63.07861328,19,106586,41.1509819,14,0,0,0,0,,,,,,,,,,,,,,,,,,,,,,,,,,,
,,53734,e,,53734,43.45135727,53723,53739,18,1,6,,,107155,4.218803466,5,107035,287.5851746,37,0,0,0,107019,32.10467911,13,0,0,0,0,,,,,,,,,,,,,,,,,,,,,,,,,,,
,,53746,E,,53746,771.5631647,53740,53762,24,1,4,,,107179,-1718.925202,30,0,0,0,107208,-73.62051392,21,0,0,0,0,0,0,0,,,,,,,,,,,,,,,,,,,,,,,,,,,
,,54024,R,,54024,0.945210969,54024,54024,2,,3,,,107489,-1546.351275,47,107351,546.9657593,37,107512,-43.44046402,13,107336,23.66762924,15,0,0,0,0,,,,,,,,,,,,,,,,,,,,,,,,,,,
,,54045,R,,54045,1948.977088,54026,54063,39,-1,3,,,107773,-1443.828482,20,107643,-165.9019318,21,107793,-42.9497757,21,0,0,0,0,0,0,0,,,,,,,,,,,,,,,,,,,,,,,,,,,
,,54684,e,,54684,36.94943569,54677,54694,19,1,6,,,108098,-1641.370206,20,107967,-241.6378479,31,108119,-67.59403229,19,0,0,0,0,0,0,0,,,,,,,,,,,,,,,,,,,,,,,,,,,
,,54703,e,,54703,23.41142964,54699,54710,13,1,6,,,108475,-1531.505656,35,108339,250.2600098,35,108501,-71.01626587,21,108306,43.8096962,21,0,0,0,0,,,,,,,,,,,,,,,,,,,,,,,,,,,
,,54740,e,,54740,26.57661885,54726,54743,19,1,6,,,108981,-1487.083167,34,108838,223.4874268,36,109007,-83.79851532,29,0,0,0,0,0,0,0,,,,,,,,,,,,,,,,,,,,,,,,,,,
,,54770,E,,54770,281.2059626,54760,54790,32,1,4,,,109289,-1678.950153,26,109152,516.2520752,31,109309,-50.58065414,17,109139,36.02342606,18,0,0,0,0,,,,,,,,,,,,,,,,,,,,,,,,,,,
,,55058,R,,55058,2008.590534,55032,55080,50,-1,3,,,109804,-1701.602547,31,109658,310.6348877,34,109829,-72.79504395,28,109634,34.63418579,26,0,0,0,0,,,,,,,,,,,,,,,,,,,,,,,,,,,
,,55376,e,,55376,26.97847128,55365,55380,17,1,6,,,110101,-1469.975196,27,109960,493.5695496,28,110118,-58.91478348,17,109946,60.80934143,16,0,0,0,0,,,,,,,,,,,,,,,,,,,,,,,,,,,
,,55392,E,,55392,734.795885,55381,55416,37,1,4,,,110575,-1701.0615,35,110430,436.2932129,31,110600,-79.05719757,28,0,0,0,0,0,0,0,,,,,,,,,,,,,,,,,,,,,,,,,,,
,,55660,R,,55660,1621.844809,55634,55685,53,-1,3,,,110874,-1447.708219,30,110735,491.8312073,31,110892,-62.72514725,21,110719,42.13824463,24,0,0,0,0,,,,,,,,,,,,,,,,,,,,,,,,,,,
,,56123,e,,56123,34.90602282,56114,56133,21,1,6,,,111442,-1558.275365,37,111294,281.7552185,37,111465,-59.24183655,22,111227,34.38617706,20,0,0,0,0,,,,,,,,,,,,,,,,,,,,,,,,,,,
,,56142,E,,56142,681.5691517,56135,56167,34,1,4,,,111890,-1776.68064,29,111742,639.3242798,32,111914,-66.86035156,24,111722,42.21654892,24,0,0,0,0,,,,,,,,,,,,,,,,,,,,,,,,,,,
,,56421,R,,56421,2011.642113,56396,56455,61,-1,3,,,112302,-1670.067973,28,112153,581.6310425,34,112324,-68.62605286,21,112135,-51.0810318,15,0,0,0,0,,,,,,,,,,,,,,,,,,,,,,,,,,,
,,57044,e,,57044,45.94286453,57039,57047,10,1,6,,,112695,-1770.994284,31,112553,692.5070801,29,112722,-81.74060822,28,112521,34.8099556,26,0,0,0,0,,,,,,,,,,,,,,,,,,,,,,,,,,,
,,57053,E,,57053,463.1293738,57048,57071,25,1,4,,,113006,-1503.381523,24,112866,660.0153198,29,113025,-68.67211151,25,112850,41.06201172,17,0,0,0,0,,,,,,,,,,,,,,,,,,,,,,,,,,,
,,57322,R,,57322,2007.3548,57295,57349,56,-1,3,,,113478,-1592.224686,44,113334,219.7386475,42,113503,-83.33351898,27,113290,36.76248169,25,0,0,0,0,,,,,,,,,,,,,,,,,,,,,,,,,,,
,,58286,E,,58286,125.0512759,58270,58305,37,1,4,,,113767,-1534.132419,29,113627,562.3843384,44,113786,-75.23160553,20,0,0,0,0,0,0,0,,,,,,,,,,,,,,,,,,,,,,,,,,,
,,58545,R,,58545,1720.419772,58526,58575,51,-1,3,,,114083,-1543.518671,19,113945,595.4644775,30,114102,-76.44312286,29,113927,69.8995285,20,0,0,0,0,,,,,,,,,,,,,,,,,,,,,,,,,,,
,,58915,e,,58915,51.19080158,58907,58929,24,1,6,,,114439,-1433.943391,33,114300,488.5903625,40,114463,-51.94559097,11,114282,42.39775467,25,0,0,0,0,,,,,,,,,,,,,,,,,,,,,,,,,,,
,,58937,E,,58937,497.6146929,58930,58956,28,1,4,,,114741,580.335787,15,114606,592.4368896,38,0,0,0,114589,-35.76951599,15,0,0,0,0,,,,,,,,,,,,,,,,,,,,,,,,,,,
,,59176,R,,59176,1933.81576,59156,59217,63,-1,3,,,114749,437.0136279,10,0,0,0,114764,-56.14890289,17,0,0,0,0,0,0,0,,,,,,,,,,,,,,,,,,,,,,,,,,,
,,59659,e,,59659,41.25471015,59648,59663,17,1,6,,,115085,-1460.173743,25,114949,425.0737305,50,115109,-60.27087784,17,114897,57.80686569,34,0,0,0,0,,,,,,,,,,,,,,,,,,,,,,,,,,,
,,59668,E,,59668,803.0914267,59664,59689,27,1,4,,,115405,-1655.348438,18,115268,624.7998047,28,115427,-56.05311203,23,115258,104.4663696,14,0,0,0,0,,,,,,,,,,,,,,,,,,,,,,,,,,,
,,59914,R,,59914,1758.386473,59894,59945,53,-1,3,,,115702,-1406.451672,27,115568,492.0770874,35,115722,-80.46839142,28,115544,32.03705978,23,0,0,0,0,,,,,,,,,,,,,,,,,,,,,,,,,,,
,,60936,e,,60936,52.90637441,60926,60940,16,1,6,,,116155,745.0971621,20,116018,434.1447754,39,0,0,0,115975,-30.60149765,27,0,0,0,0,,,,,,,,,,,,,,,,,,,,,,,,,,,
,,60949,E,,60949,400.1122536,60941,60972,33,1,4,,,116163,755.9658415,16,0,0,0,116187,-63.58286285,24,0,0,0,0,0,0,0,,,,,,,,,,,,,,,,,,,,,,,,,,,
,,61223,R,,61223,1686.754598,61196,61250,56,-1,3,,,116465,-1392.6902,28,116328,458.5789185,32,116484,-60.08892059,16,116299,37.82630157,28,0,0,0,0,,,,,,,,,,,,,,,,,,,,,,,,,,,
,,61861,e,,61861,31.03216037,61848,61869,23,1,6,,,116756,-1603.70049,21,116622,503.1203918,34,116776,-67.89538574,29,116602,-38.36676407,13,0,0,0,0,,,,,,,,,,,,,,,,,,,,,,,,,,,
,,61906,e,,61906,44.89378326,61880,61915,37,1,6,,,117160,-1580.562192,31,117023,733.0645142,45,117189,-75.27797699,28,117010,-27.92847633,8,0,0,0,0,,,,,,,,,,,,,,,,,,,,,,,,,,,
,,61954,e,,61954,21.45605593,61947,61962,17,1,6,,,117515,-1424.21938,37,117377,507.8222961,29,117538,-63.69863129,24,117332,79.78087616,42,0,0,0,0,,,,,,,,,,,,,,,,,,,,,,,,,,,
,,61976,E,,61976,390.7412493,61965,62003,40,1,4,,,117816,-1428.147765,40,117682,535.3920898,32,117838,-68.95895386,18,117668,42.13488388,17,0,0,0,0,,,,,,,,,,,,,,,,,,,,,,,,,,,
,,62242,R,,62242,2008.334333,62213,62274,63,-1,3,,,118099,601.2508591,18,117972,538.7478638,34,0,0,0,117959,44.32193756,20,0,0,0,0,,,,,,,,,,,,,,,,,,,,,,,,,,,
,,62658,e,,62658,43.91411381,62646,62679,35,1,6,,,118106,481.0932081,8,0,0,0,118123,-68.33789825,29,0,0,0,0,0,0,0,,,,,,,,,,,,,,,,,,,,,,,,,,,
,,62705,e,,62705,19.63218789,62698,62714,18,1,6,,,118561,-1503.69523,30,118422,254.8551483,44,118588,-77.68123627,30,0,0,0,0,0,0,0,,,,,,,,,,,,,,,,,,,,,,,,,,,
,,62758,e,,62758,33.82723945,62745,62770,27,1,6,,,118857,-1592.028815,37,118720,491.2199402,31,118878,-66.05506134,29,118706,-59.58033371,11,0,0,0,0,,,,,,,,,,,,,,,,,,,,,,,,,,,
,,62794,E,,62794,497.0385837,62775,62819,46,1,4,,,119289,-1462.397457,28,119151,488.2269287,29,119320,-84.06970215,34,119140,45.46948242,15,0,0,0,0,,,,,,,,,,,,,,,,,,,,,,,,,,,
,,63051,R,,63051,2011.35513,63028,63104,78,-1,3,,,119589,-1426.200886,29,119455,455.1806946,41,119611,-64.65091705,27,119426,55.56524277,28,0,0,0,0,,,,,,,,,,,,,,,,,,,,,,,,,,,
,,63542,e,,63542,28.05017749,63537,63556,21,1,6,,,,,,,,,,,,,,,,,,,,,,,,,,,,,,,,,,,,,,,,,,,,,
,,63643,e,,63643,47.83315503,63636,63672,38,1,6,,,,,,,,,,,,,,,,,,,,,,,,,,,,,,,,,,,,,,,,,,,,,
,,63734,e,,63734,45.27575584,63716,63746,32,1,6,,,,,,,,,,,,,,,,,,,,,,,,,,,,,,,,,,,,,,,,,,,,,
,,63805,e,,63805,37.85332538,63798,63813,17,1,6,,,,,,,,,,,,,,,,,,,,,,,,,,,,,,,,,,,,,,,,,,,,,
,,63822,E,,63822,389.8414811,63814,63845,33,1,4,,,,,,,,,,,,,,,,,,,,,,,,,,,,,,,,,,,,,,,,,,,,,
,,64086,R,,64086,2078.981322,64050,64133,85,-1,3,,,,,,,,,,,,,,,,,,,,,,,,,,,,,,,,,,,,,,,,,,,,,
,,64422,e,,64422,49.55825206,64412,64444,34,1,6,,,,,,,,,,,,,,,,,,,,,,,,,,,,,,,,,,,,,,,,,,,,,
,,64504,e,,64504,25.69083118,64497,64517,22,1,6,,,,,,,,,,,,,,,,,,,,,,,,,,,,,,,,,,,,,,,,,,,,,
,,64574,e,,64574,36.49927011,64566,64579,15,1,6,,,,,,,,,,,,,,,,,,,,,,,,,,,,,,,,,,,,,,,,,,,,,
,,64588,E,,64588,341.5902141,64580,64609,31,1,4,,,,,,,,,,,,,,,,,,,,,,,,,,,,,,,,,,,,,,,,,,,,,
,,64833,R,,64833,2052.410118,64789,64855,68,-1,3,,,,,,,,,,,,,,,,,,,,,,,,,,,,,,,,,,,,,,,,,,,,,
,,65747,e,,65747,46.1068679,65737,65766,31,1,6,,,,,,,,,,,,,,,,,,,,,,,,,,,,,,,,,,,,,,,,,,,,,
,,65808,e,,65808,33.71106343,65795,65818,25,1,6,,,,,,,,,,,,,,,,,,,,,,,,,,,,,,,,,,,,,,,,,,,,,
,,65962,e,,65962,17.24943634,65955,65964,11,1,6,,,,,,,,,,,,,,,,,,,,,,,,,,,,,,,,,,,,,,,,,,,,,
,,65990,E,,65990,118.2173454,65968,66015,49,1,4,,,,,,,,,,,,,,,,,,,,,,,,,,,,,,,,,,,,,,,,,,,,,
,,66252,R,,66252,2013.289732,66216,66272,58,-1,3,,,,,,,,,,,,,,,,,,,,,,,,,,,,,,,,,,,,,,,,,,,,,
,,66821,e,,66821,36.52152468,66810,66835,27,1,6,,,,,,,,,,,,,,,,,,,,,,,,,,,,,,,,,,,,,,,,,,,,,
,,66869,e,,66869,53.46700885,66860,66885,27,1,6,,,,,,,,,,,,,,,,,,,,,,,,,,,,,,,,,,,,,,,,,,,,,
,,67081,e,,67081,51.8300174,67064,67090,28,1,6,,,,,,,,,,,,,,,,,,,,,,,,,,,,,,,,,,,,,,,,,,,,,
,,67112,E,,67112,208.2352916,67099,67129,32,1,4,,,,,,,,,,,,,,,,,,,,,,,,,,,,,,,,,,,,,,,,,,,,,
,,67370,R,,67370,1771.003268,67342,67409,69,-1,3,,,,,,,,,,,,,,,,,,,,,,,,,,,,,,,,,,,,,,,,,,,,,
,,68205,e,,68205,43.01599982,68199,68211,14,1,6,,,,,,,,,,,,,,,,,,,,,,,,,,,,,,,,,,,,,,,,,,,,,
,,68216,E,,68216,728.8640196,68212,68235,25,1,4,,,,,,,,,,,,,,,,,,,,,,,,,,,,,,,,,,,,,,,,,,,,,
,,68492,R,,68492,1949.763198,68457,68515,60,-1,3,,,,,,,,,,,,,,,,,,,,,,,,,,,,,,,,,,,,,,,,,,,,,
,,71040,e,,71040,55.10700726,71032,71051,21,1,6,,,,,,,,,,,,,,,,,,,,,,,,,,,,,,,,,,,,,,,,,,,,,
,,71087,e,,71087,66.94422676,71073,71122,51,1,6,,,,,,,,,,,,,,,,,,,,,,,,,,,,,,,,,,,,,,,,,,,,,
,,71169,e,,71169,42.22324018,71159,71175,18,1,6,,,,,,,,,,,,,,,,,,,,,,,,,,,,,,,,,,,,,,,,,,,,,
,,71185,E,,71185,365.6896845,71176,71202,28,1,4,,,,,,,,,,,,,,,,,,,,,,,,,,,,,,,,,,,,,,,,,,,,,
,,71363,R,,71363,1511.209927,71345,71374,31,-1,3,,,,,,,,,,,,,,,,,,,,,,,,,,,,,,,,,,,,,,,,,,,,,
,,71382,r,,71382,64.52248326,71375,71389,16,-1,5,,,,,,,,,,,,,,,,,,,,,,,,,,,,,,,,,,,,,,,,,,,,,
,,71528,e,,71528,47.6212159,71524,71536,14,-1,6,,,,,,,,,,,,,,,,,,,,,,,,,,,,,,,,,,,,,,,,,,,,,
,,71543,E,,71543,682.2558926,71537,71559,24,1,4,,,,,,,,,,,,,,,,,,,,,,,,,,,,,,,,,,,,,,,,,,,,,
,,71737,R,,71737,1391.249864,71725,71740,17,-1,3,,,,,,,,,,,,,,,,,,,,,,,,,,,,,,,,,,,,,,,,,,,,,
,,71745,r,,71745,34.47018618,71743,71746,5,-1,5,,,,,,,,,,,,,,,,,,,,,,,,,,,,,,,,,,,,,,,,,,,,,
,,74165,E,,74165,739.7492329,74155,74185,32,1,4,,,,,,,,,,,,,,,,,,,,,,,,,,,,,,,,,,,,,,,,,,,,,
,,74385,R,,74385,1715.153602,74357,74409,54,-1,3,,,,,,,,,,,,,,,,,,,,,,,,,,,,,,,,,,,,,,,,,,,,,
,,74556,E,,74556,668.2054223,74527,74578,53,1,4,,,,,,,,,,,,,,,,,,,,,,,,,,,,,,,,,,,,,,,,,,,,,
,,74845,R,,74845,1931.020652,74815,74873,60,-1,3,,,,,,,,,,,,,,,,,,,,,,,,,,,,,,,,,,,,,,,,,,,,,
,,75591,E,,75591,640.9861524,75580,75610,32,1,4,,,,,,,,,,,,,,,,,,,,,,,,,,,,,,,,,,,,,,,,,,,,,
,,75884,R,,75884,2100.928417,75842,75929,89,-1,3,,,,,,,,,,,,,,,,,,,,,,,,,,,,,,,,,,,,,,,,,,,,,
,,76947,e,,76947,81.88140391,76941,76960,21,-1,6,,,,,,,,,,,,,,,,,,,,,,,,,,,,,,,,,,,,,,,,,,,,,
,,76964,E,,76964,547.7172749,76961,76987,28,1,4,,,,,,,,,,,,,,,,,,,,,,,,,,,,,,,,,,,,,,,,,,,,,
,,77265,R,,77265,1762.329843,77234,77291,59,-1,3,,,,,,,,,,,,,,,,,,,,,,,,,,,,,,,,,,,,,,,,,,,,,
,,78218,e,,78218,49.95577558,78206,78228,24,1,6,,,,,,,,,,,,,,,,,,,,,,,,,,,,,,,,,,,,,,,,,,,,,
,,78241,E,,78241,347.3228921,78229,78261,34,1,4,,,,,,,,,,,,,,,,,,,,,,,,,,,,,,,,,,,,,,,,,,,,,
,,78540,R,,78540,1935.884815,78501,78566,67,-1,3,,,,,,,,,,,,,,,,,,,,,,,,,,,,,,,,,,,,,,,,,,,,,
,,79893,e,,79893,56.07720797,79887,79898,13,1,6,,,,,,,,,,,,,,,,,,,,,,,,,,,,,,,,,,,,,,,,,,,,,
,,79908,E,,79908,620.4098023,79900,79925,27,1,4,,,,,,,,,,,,,,,,,,,,,,,,,,,,,,,,,,,,,,,,,,,,,
,,80237,R,,80237,1950.519802,80213,80258,47,-1,3,,,,,,,,,,,,,,,,,,,,,,,,,,,,,,,,,,,,,,,,,,,,,
,,82625,e,,82625,39.46972204,82614,82634,22,-1,6,,,,,,,,,,,,,,,,,,,,,,,,,,,,,,,,,,,,,,,,,,,,,
,,82645,E,,82645,270.0365202,82636,82665,31,1,4,,,,,,,,,,,,,,,,,,,,,,,,,,,,,,,,,,,,,,,,,,,,,
,,82958,R,,82958,1954.545944,82938,82995,59,-1,3,,,,,,,,,,,,,,,,,,,,,,,,,,,,,,,,,,,,,,,,,,,,,
,,84284,e,,84284,40.91670358,84274,84289,17,1,6,,,,,,,,,,,,,,,,,,,,,,,,,,,,,,,,,,,,,,,,,,,,,
,,84297,E,,84297,805.8402062,84290,84317,29,1,4,,,,,,,,,,,,,,,,,,,,,,,,,,,,,,,,,,,,,,,,,,,,,
,,84652,R,,84652,1864.094851,84625,84670,47,-1,3,,,,,,,,,,,,,,,,,,,,,,,,,,,,,,,,,,,,,,,,,,,,,
,,85751,e,,85751,35.88603717,85736,85760,26,1,6,,,,,,,,,,,,,,,,,,,,,,,,,,,,,,,,,,,,,,,,,,,,,
,,85784,e,,85784,30.62232346,85777,85792,17,1,6,,,,,,,,,,,,,,,,,,,,,,,,,,,,,,,,,,,,,,,,,,,,,
,,85805,E,,85805,397.047995,85793,85825,34,1,4,,,,,,,,,,,,,,,,,,,,,,,,,,,,,,,,,,,,,,,,,,,,,
,,86135,R,,86135,1707.414143,86105,86169,66,-1,3,,,,,,,,,,,,,,,,,,,,,,,,,,,,,,,,,,,,,,,,,,,,,
,,86723,e,,86723,42.23000287,86711,86733,24,1,6,,,,,,,,,,,,,,,,,,,,,,,,,,,,,,,,,,,,,,,,,,,,,
,,86751,e,,86751,31.23937229,86745,86757,14,-1,6,,,,,,,,,,,,,,,,,,,,,,,,,,,,,,,,,,,,,,,,,,,,,
,,86760,e,,86760,8.177460014,86759,86763,6,-1,6,,,,,,,,,,,,,,,,,,,,,,,,,,,,,,,,,,,,,,,,,,,,,
,,86773,E,,86773,275.7144712,86765,86786,23,1,4,,,,,,,,,,,,,,,,,,,,,,,,,,,,,,,,,,,,,,,,,,,,,
,,87058,R,,87058,2050.669718,87012,87089,79,-1,3,,,,,,,,,,,,,,,,,,,,,,,,,,,,,,,,,,,,,,,,,,,,,
,,87499,e,,87499,31.35092749,87492,87509,19,1,6,,,,,,,,,,,,,,,,,,,,,,,,,,,,,,,,,,,,,,,,,,,,,
,,87519,E,,87519,858.3320486,87510,87537,29,1,4,,,,,,,,,,,,,,,,,,,,,,,,,,,,,,,,,,,,,,,,,,,,,
,,87796,R,,87796,2082.532162,87764,87822,60,-1,3,,,,,,,,,,,,,,,,,,,,,,,,,,,,,,,,,,,,,,,,,,,,,
,,88316,e,,88316,20.12853183,88310,88319,11,1,6,,,,,,,,,,,,,,,,,,,,,,,,,,,,,,,,,,,,,,,,,,,,,
,,88334,E,,88334,775.3157404,88321,88359,40,1,4,,,,,,,,,,,,,,,,,,,,,,,,,,,,,,,,,,,,,,,,,,,,,
,,88592,R,,88592,1686.915678,88571,88618,49,-1,3,,,,,,,,,,,,,,,,,,,,,,,,,,,,,,,,,,,,,,,,,,,,,
,,89052,e,,89052,15.86940588,89045,89054,11,1,6,,,,,,,,,,,,,,,,,,,,,,,,,,,,,,,,,,,,,,,,,,,,,
,,89063,e,,89063,9.382830291,89057,89065,10,-1,6,,,,,,,,,,,,,,,,,,,,,,,,,,,,,,,,,,,,,,,,,,,,,
,,89088,E,,89088,570.9462775,89077,89106,31,1,4,,,,,,,,,,,,,,,,,,,,,,,,,,,,,,,,,,,,,,,,,,,,,
,,89341,R,,89341,1723.926007,89313,89356,45,-1,3,,,,,,,,,,,,,,,,,,,,,,,,,,,,,,,,,,,,,,,,,,,,,
,,89685,e,,89685,30.83744101,89678,89695,19,1,6,,,,,,,,,,,,,,,,,,,,,,,,,,,,,,,,,,,,,,,,,,,,,
,,89724,E,,89724,478.3705802,89708,89754,48,1,4,,,,,,,,,,,,,,,,,,,,,,,,,,,,,,,,,,,,,,,,,,,,,
,,89944,R,,89944,1688.759218,89933,89965,34,-1,3,,,,,,,,,,,,,,,,,,,,,,,,,,,,,,,,,,,,,,,,,,,,,
,,90224,e,,90224,33.98671808,90215,90239,26,1,6,,,,,,,,,,,,,,,,,,,,,,,,,,,,,,,,,,,,,,,,,,,,,
,,90282,E,,90282,366.7899384,90266,90307,43,1,4,,,,,,,,,,,,,,,,,,,,,,,,,,,,,,,,,,,,,,,,,,,,,
,,90504,R,,90504,1479.618517,90486,90527,43,-1,3,,,,,,,,,,,,,,,,,,,,,,,,,,,,,,,,,,,,,,,,,,,,,
,,90875,e,,90875,40.59806053,90867,90882,17,1,6,,,,,,,,,,,,,,,,,,,,,,,,,,,,,,,,,,,,,,,,,,,,,
,,90889,E,,90889,882.1074129,90883,90907,26,1,4,,,,,,,,,,,,,,,,,,,,,,,,,,,,,,,,,,,,,,,,,,,,,
,,91102,R,,91102,1734.866252,91082,91131,51,-1,3,,,,,,,,,,,,,,,,,,,,,,,,,,,,,,,,,,,,,,,,,,,,,
,,91318,e,,91318,52.05758168,91310,91333,25,1,6,,,,,,,,,,,,,,,,,,,,,,,,,,,,,,,,,,,,,,,,,,,,,
,,91474,e,,91474,32.57160764,91465,91476,13,1,6,,,,,,,,,,,,,,,,,,,,,,,,,,,,,,,,,,,,,,,,,,,,,
,,91484,E,,91484,353.4125686,91478,91501,25,1,4,,,,,,,,,,,,,,,,,,,,,,,,,,,,,,,,,,,,,,,,,,,,,
,,91692,R,,91692,1786.045058,91677,91710,35,-1,3,,,,,,,,,,,,,,,,,,,,,,,,,,,,,,,,,,,,,,,,,,,,,
,,92057,E,,92057,538.0124968,92049,92081,34,1,4,,,,,,,,,,,,,,,,,,,,,,,,,,,,,,,,,,,,,,,,,,,,,
,,92266,R,,92266,1777.294769,92235,92291,58,-1,3,,,,,,,,,,,,,,,,,,,,,,,,,,,,,,,,,,,,,,,,,,,,,
,,92514,E,,92514,593.6704223,92498,92540,44,1,4,,,,,,,,,,,,,,,,,,,,,,,,,,,,,,,,,,,,,,,,,,,,,
,,92706,R,,92706,1755.477478,92685,92709,26,-1,3,,,,,,,,,,,,,,,,,,,,,,,,,,,,,,,,,,,,,,,,,,,,,
,,92717,r,,92717,65.58352538,92710,92728,20,1,5,,,,,,,,,,,,,,,,,,,,,,,,,,,,,,,,,,,,,,,,,,,,,
,,93001,e,,93001,31.41394109,92994,93006,14,1,6,,,,,,,,,,,,,,,,,,,,,,,,,,,,,,,,,,,,,,,,,,,,,
,,93018,E,,93018,673.7300098,93011,93033,24,1,4,,,,,,,,,,,,,,,,,,,,,,,,,,,,,,,,,,,,,,,,,,,,,
,,93211,R,,93211,1709.100048,93188,93217,31,-1,3,,,,,,,,,,,,,,,,,,,,,,,,,,,,,,,,,,,,,,,,,,,,,
,,93222,r,,93222,50.66258281,93219,93227,10,1,5,,,,,,,,,,,,,,,,,,,,,,,,,,,,,,,,,,,,,,,,,,,,,
,,93571,e,,93571,26.91488739,93566,93577,13,1,6,,,,,,,,,,,,,,,,,,,,,,,,,,,,,,,,,,,,,,,,,,,,,
,,93605,e,,93605,21.22772838,93598,93613,17,1,6,,,,,,,,,,,,,,,,,,,,,,,,,,,,,,,,,,,,,,,,,,,,,
,,93620,e,,93620,4.431785432,93617,93621,6,-1,6,,,,,,,,,,,,,,,,,,,,,,,,,,,,,,,,,,,,,,,,,,,,,
,,93636,e,,93636,26.93595264,93632,93646,16,1,6,,,,,,,,,,,,,,,,,,,,,,,,,,,,,,,,,,,,,,,,,,,,,
,,93648,e,,93648,0.945210969,93648,93648,2,,6,,,,,,,,,,,,,,,,,,,,,,,,,,,,,,,,,,,,,,,,,,,,,
,,93650,e,,93650,1.924793917,93650,93651,3,,6,,,,,,,,,,,,,,,,,,,,,,,,,,,,,,,,,,,,,,,,,,,,,
,,93680,E,,93680,432.8396468,93662,93696,36,1,4,,,,,,,,,,,,,,,,,,,,,,,,,,,,,,,,,,,,,,,,,,,,,
,,93888,R,,93888,1643.896304,93878,93898,22,-1,3,,,,,,,,,,,,,,,,,,,,,,,,,,,,,,,,,,,,,,,,,,,,,
,,93914,R,,93914,3.085888624,93913,93915,4,1,3,,,,,,,,,,,,,,,,,,,,,,,,,,,,,,,,,,,,,,,,,,,,,
,,94139,e,,94139,30.84461303,94130,94152,24,1,6,,,,,,,,,,,,,,,,,,,,,,,,,,,,,,,,,,,,,,,,,,,,,
,,94245,e,,94245,17.96305188,94237,94248,13,1,6,,,,,,,,,,,,,,,,,,,,,,,,,,,,,,,,,,,,,,,,,,,,,
,,94258,E,,94258,528.3491561,94249,94278,31,1,4,,,,,,,,,,,,,,,,,,,,,,,,,,,,,,,,,,,,,,,,,,,,,
,,94449,R,,94449,1674.278713,94436,94452,18,-1,3,,,,,,,,,,,,,,,,,,,,,,,,,,,,,,,,,,,,,,,,,,,,,
,,94459,r,,94459,48.19155194,94454,94462,10,1,5,,,,,,,,,,,,,,,,,,,,,,,,,,,,,,,,,,,,,,,,,,,,,
,,94899,E,,94899,454.2426955,94887,94916,31,1,4,,,,,,,,,,,,,,,,,,,,,,,,,,,,,,,,,,,,,,,,,,,,,
,,95094,R,,95094,1462.259135,95078,95097,21,-1,3,,,,,,,,,,,,,,,,,,,,,,,,,,,,,,,,,,,,,,,,,,,,,
,,95105,r,,95105,61.91637547,95098,95112,16,1,5,,,,,,,,,,,,,,,,,,,,,,,,,,,,,,,,,,,,,,,,,,,,,
,,95288,e,,95288,35.87712831,95277,95301,26,1,6,,,,,,,,,,,,,,,,,,,,,,,,,,,,,,,,,,,,,,,,,,,,,
,,95311,E,,95311,548.5354106,95302,95334,34,1,4,,,,,,,,,,,,,,,,,,,,,,,,,,,,,,,,,,,,,,,,,,,,,
,,95484,R,,95484,1542.74009,95478,95491,15,-1,3,,,,,,,,,,,,,,,,,,,,,,,,,,,,,,,,,,,,,,,,,,,,,
,,95497,r,,95497,69.13219277,95492,95499,9,-1,5,,,,,,,,,,,,,,,,,,,,,,,,,,,,,,,,,,,,,,,,,,,,,
,,95806,e,,95806,25.15163966,95798,95814,18,1,6,,,,,,,,,,,,,,,,,,,,,,,,,,,,,,,,,,,,,,,,,,,,,
,,95829,E,,95829,574.7080853,95817,95846,31,1,4,,,,,,,,,,,,,,,,,,,,,,,,,,,,,,,,,,,,,,,,,,,,,
,,96013,R,,96013,1535.790068,96005,96020,17,-1,3,,,,,,,,,,,,,,,,,,,,,,,,,,,,,,,,,,,,,,,,,,,,,
,,96027,r,,96027,81.84817908,96021,96032,13,-1,5,,,,,,,,,,,,,,,,,,,,,,,,,,,,,,,,,,,,,,,,,,,,,
,,96205,e,,96205,34.93626312,96197,96212,17,1,6,,,,,,,,,,,,,,,,,,,,,,,,,,,,,,,,,,,,,,,,,,,,,
,,96221,E,,96221,690.9391107,96215,96236,23,1,4,,,,,,,,,,,,,,,,,,,,,,,,,,,,,,,,,,,,,,,,,,,,,
,,96392,R,,96392,1698.878283,96378,96399,23,-1,3,,,,,,,,,,,,,,,,,,,,,,,,,,,,,,,,,,,,,,,,,,,,,
,,96404,r,,96404,55.94369295,96401,96406,7,-1,5,,,,,,,,,,,,,,,,,,,,,,,,,,,,,,,,,,,,,,,,,,,,,
,,96670,e,,96670,34.22417971,96664,96679,17,1,6,,,,,,,,,,,,,,,,,,,,,,,,,,,,,,,,,,,,,,,,,,,,,
,,96704,e,,96704,24.1808902,96700,96713,15,-1,6,,,,,,,,,,,,,,,,,,,,,,,,,,,,,,,,,,,,,,,,,,,,,
,,96719,e,,96719,8.778634038,96715,96722,9,-1,6,,,,,,,,,,,,,,,,,,,,,,,,,,,,,,,,,,,,,,,,,,,,,
,,96745,e,,96745,25.48779317,96742,96757,17,1,6,,,,,,,,,,,,,,,,,,,,,,,,,,,,,,,,,,,,,,,,,,,,,
,,96807,E,,96807,233.3938312,96788,96821,35,1,4,,,,,,,,,,,,,,,,,,,,,,,,,,,,,,,,,,,,,,,,,,,,,
,,96985,R,,96985,1760.564959,96974,96991,19,-1,3,,,,,,,,,,,,,,,,,,,,,,,,,,,,,,,,,,,,,,,,,,,,,
,,97002,r,,97002,96.41911684,96994,97017,25,-1,5,,,,,,,,,,,,,,,,,,,,,,,,,,,,,,,,,,,,,,,,,,,,,
,,97146,e,,97146,31.64100483,97137,97152,17,1,6,,,,,,,,,,,,,,,,,,,,,,,,,,,,,,,,,,,,,,,,,,,,,
,,97163,E,,97163,542.2905861,97155,97178,25,1,4,,,,,,,,,,,,,,,,,,,,,,,,,,,,,,,,,,,,,,,,,,,,,
,,97334,R,,97334,1742.608427,97320,97339,21,-1,3,,,,,,,,,,,,,,,,,,,,,,,,,,,,,,,,,,,,,,,,,,,,,
,,97342,r,,97342,35.52381549,97340,97343,5,-1,5,,,,,,,,,,,,,,,,,,,,,,,,,,,,,,,,,,,,,,,,,,,,,
,,97597,E,,97597,478.9514588,97589,97613,26,1,4,,,,,,,,,,,,,,,,,,,,,,,,,,,,,,,,,,,,,,,,,,,,,
,,97759,R,,97759,1522.769598,97749,97767,20,-1,3,,,,,,,,,,,,,,,,,,,,,,,,,,,,,,,,,,,,,,,,,,,,,
,,97782,r,,97782,93.59153281,97770,97798,30,-1,5,,,,,,,,,,,,,,,,,,,,,,,,,,,,,,,,,,,,,,,,,,,,,
,,97913,e,,97913,47.49182889,97907,97916,11,-1,6,,,,,,,,,,,,,,,,,,,,,,,,,,,,,,,,,,,,,,,,,,,,,
,,97925,E,,97925,560.709998,97917,97949,34,1,4,,,,,,,,,,,,,,,,,,,,,,,,,,,,,,,,,,,,,,,,,,,,,
,,98085,R,,98085,1667.865552,98071,98090,21,-1,3,,,,,,,,,,,,,,,,,,,,,,,,,,,,,,,,,,,,,,,,,,,,,
,,98099,r,,98099,64.4708142,98093,98103,12,-1,5,,,,,,,,,,,,,,,,,,,,,,,,,,,,,,,,,,,,,,,,,,,,,
,,98406,E,,98406,277.4845651,98393,98419,28,1,4,,,,,,,,,,,,,,,,,,,,,,,,,,,,,,,,,,,,,,,,,,,,,
,,98566,R,,98566,1797.603418,98557,98575,20,-1,3,,,,,,,,,,,,,,,,,,,,,,,,,,,,,,,,,,,,,,,,,,,,,
,,98592,r,,98592,70.11865988,98578,98600,24,-1,5,,,,,,,,,,,,,,,,,,,,,,,,,,,,,,,,,,,,,,,,,,,,,
,,98730,e,,98730,24.86970851,98719,98733,16,1,6,,,,,,,,,,,,,,,,,,,,,,,,,,,,,,,,,,,,,,,,,,,,,
,,98745,E,,98745,548.7906717,98736,98762,28,1,4,,,,,,,,,,,,,,,,,,,,,,,,,,,,,,,,,,,,,,,,,,,,,
,,98901,R,,98901,1453.846202,98891,98907,18,-1,3,,,,,,,,,,,,,,,,,,,,,,,,,,,,,,,,,,,,,,,,,,,,,
,,98919,r,,98919,68.13989112,98912,98922,12,-1,5,,,,,,,,,,,,,,,,,,,,,,,,,,,,,,,,,,,,,,,,,,,,,
,,98930,r,,98930,1.771477622,98930,98931,3,,5,,,,,,,,,,,,,,,,,,,,,,,,,,,,,,,,,,,,,,,,,,,,,
,,99054,e,,99054,33.0179321,99045,99065,22,1,6,,,,,,,,,,,,,,,,,,,,,,,,,,,,,,,,,,,,,,,,,,,,,
,,99074,E,,99074,591.1794693,99069,99092,25,1,4,,,,,,,,,,,,,,,,,,,,,,,,,,,,,,,,,,,,,,,,,,,,,
,,99227,R,,99227,1585.140022,99210,99235,27,-1,3,,,,,,,,,,,,,,,,,,,,,,,,,,,,,,,,,,,,,,,,,,,,,
,,99243,r,,99243,47.53353921,99237,99248,13,-1,5,,,,,,,,,,,,,,,,,,,,,,,,,,,,,,,,,,,,,,,,,,,,,
,,99388,e,,99388,24.99397834,99384,99393,11,1,6,,,,,,,,,,,,,,,,,,,,,,,,,,,,,,,,,,,,,,,,,,,,,
,,99404,E,,99404,633.4554046,99394,99422,30,1,4,,,,,,,,,,,,,,,,,,,,,,,,,,,,,,,,,,,,,,,,,,,,,
,,99531,R,,99531,1.098527263,99531,99531,2,,3,,,,,,,,,,,,,,,,,,,,,,,,,,,,,,,,,,,,,,,,,,,,,
,,99555,R,,99555,1814.301484,99533,99562,31,-1,3,,,,,,,,,,,,,,,,,,,,,,,,,,,,,,,,,,,,,,,,,,,,,
,,99576,r,,99576,50.00091266,99568,99582,16,-1,5,,,,,,,,,,,,,,,,,,,,,,,,,,,,,,,,,,,,,,,,,,,,,
,,99759,e,,99759,34.06883103,99751,99767,18,1,6,,,,,,,,,,,,,,,,,,,,,,,,,,,,,,,,,,,,,,,,,,,,,
,,99776,E,,99776,655.8877377,99768,99790,24,1,4,,,,,,,,,,,,,,,,,,,,,,,,,,,,,,,,,,,,,,,,,,,,,
,,99903,R,,99903,4.396618963,99903,99904,3,,3,,,,,,,,,,,,,,,,,,,,,,,,,,,,,,,,,,,,,,,,,,,,,
,,99923,R,,99923,1523.863663,99906,99935,31,-1,3,,,,,,,,,,,,,,,,,,,,,,,,,,,,,,,,,,,,,,,,,,,,,
,,99949,r,,99949,70.09340629,99938,99959,23,-1,5,,,,,,,,,,,,,,,,,,,,,,,,,,,,,,,,,,,,,,,,,,,,,
,,100234,e,,100234,28.96062461,100223,100242,21,1,6,,,,,,,,,,,,,,,,,,,,,,,,,,,,,,,,,,,,,,,,,,,,,
,,100252,E,,100252,457.6085078,100243,100269,28,1,4,,,,,,,,,,,,,,,,,,,,,,,,,,,,,,,,,,,,,,,,,,,,,
,,100402,R,,100402,1584.275702,100377,100412,37,-1,3,,,,,,,,,,,,,,,,,,,,,,,,,,,,,,,,,,,,,,,,,,,,,
,,100434,r,,100434,82.86113656,100420,100445,27,-1,5,,,,,,,,,,,,,,,,,,,,,,,,,,,,,,,,,,,,,,,,,,,,,
,,100542,e,,100542,102.7111172,100536,100551,17,1,6,,,,,,,,,,,,,,,,,,,,,,,,,,,,,,,,,,,,,,,,,,,,,
,,100560,E,,100560,492.7913084,100552,100577,27,1,4,,,,,,,,,,,,,,,,,,,,,,,,,,,,,,,,,,,,,,,,,,,,,
,,100710,R,,100710,1638.118768,100702,100718,18,-1,3,,,,,,,,,,,,,,,,,,,,,,,,,,,,,,,,,,,,,,,,,,,,,
,,100721,R,,100721,0.854458209,100721,100721,2,,3,,,,,,,,,,,,,,,,,,,,,,,,,,,,,,,,,,,,,,,,,,,,,
,,100728,r,,100728,59.2287102,100723,100731,10,-1,5,,,,,,,,,,,,,,,,,,,,,,,,,,,,,,,,,,,,,,,,,,,,,
,,100733,r,,100733,3.032431365,100733,100734,3,,5,,,,,,,,,,,,,,,,,,,,,,,,,,,,,,,,,,,,,,,,,,,,,
,,101088,e,,101088,36.66135667,101081,101099,20,1,6,,,,,,,,,,,,,,,,,,,,,,,,,,,,,,,,,,,,,,,,,,,,,
,,101112,E,,101112,360.8215158,101104,101131,29,1,4,,,,,,,,,,,,,,,,,,,,,,,,,,,,,,,,,,,,,,,,,,,,,
,,101265,R,,101265,1562.777138,101257,101271,16,-1,3,,,,,,,,,,,,,,,,,,,,,,,,,,,,,,,,,,,,,,,,,,,,,
,,101296,r,,101296,67.4741922,101287,101305,20,-1,5,,,,,,,,,,,,,,,,,,,,,,,,,,,,,,,,,,,,,,,,,,,,,
,,101444,e,,101444,47.61774975,101437,101449,14,1,6,,,,,,,,,,,,,,,,,,,,,,,,,,,,,,,,,,,,,,,,,,,,,
,,101457,E,,101457,691.5744098,101451,101481,32,1,4,,,,,,,,,,,,,,,,,,,,,,,,,,,,,,,,,,,,,,,,,,,,,
,,101608,R,,101608,1542.492714,101597,101615,20,-1,3,,,,,,,,,,,,,,,,,,,,,,,,,,,,,,,,,,,,,,,,,,,,,
,,101628,r,,101628,73.06991059,101618,101637,21,-1,5,,,,,,,,,,,,,,,,,,,,,,,,,,,,,,,,,,,,,,,,,,,,,
,,101811,e,,101811,29.83630735,101806,101823,19,1,6,,,,,,,,,,,,,,,,,,,,,,,,,,,,,,,,,,,,,,,,,,,,,
,,101898,e,,101898,21.79149052,101894,101903,11,1,6,,,,,,,,,,,,,,,,,,,,,,,,,,,,,,,,,,,,,,,,,,,,,
,,101914,E,,101914,518.5254538,101904,101934,32,1,4,,,,,,,,,,,,,,,,,,,,,,,,,,,,,,,,,,,,,,,,,,,,,
,,102065,R,,102065,1496.72473,102058,102070,14,-1,3,,,,,,,,,,,,,,,,,,,,,,,,,,,,,,,,,,,,,,,,,,,,,
,,102095,r,,102095,75.4414789,102086,102108,24,-1,5,,,,,,,,,,,,,,,,,,,,,,,,,,,,,,,,,,,,,,,,,,,,,
,,102111,r,,102111,2.043738232,102111,102112,3,,5,,,,,,,,,,,,,,,,,,,,,,,,,,,,,,,,,,,,,,,,,,,,,
,,102275,e,,102275,26.36262564,102264,102281,19,1,6,,,,,,,,,,,,,,,,,,,,,,,,,,,,,,,,,,,,,,,,,,,,,
,,102294,E,,102294,627.3231274,102285,102314,31,1,4,,,,,,,,,,,,,,,,,,,,,,,,,,,,,,,,,,,,,,,,,,,,,
,,102448,R,,102448,1774.206332,102440,102454,16,-1,3,,,,,,,,,,,,,,,,,,,,,,,,,,,,,,,,,,,,,,,,,,,,,
,,102469,r,,102469,66.15535065,102461,102477,18,-1,5,,,,,,,,,,,,,,,,,,,,,,,,,,,,,,,,,,,,,,,,,,,,,
,,102618,e,,102618,67.86661467,102611,102621,12,1,6,,,,,,,,,,,,,,,,,,,,,,,,,,,,,,,,,,,,,,,,,,,,,
,,102627,E,,102627,641.5295535,102622,102647,27,1,4,,,,,,,,,,,,,,,,,,,,,,,,,,,,,,,,,,,,,,,,,,,,,
,,102775,R,,102775,1679.514192,102766,102782,18,-1,3,,,,,,,,,,,,,,,,,,,,,,,,,,,,,,,,,,,,,,,,,,,,,
,,102795,r,,102795,63.64974581,102787,102801,16,-1,5,,,,,,,,,,,,,,,,,,,,,,,,,,,,,,,,,,,,,,,,,,,,,
,,102938,e,,102938,17.18008568,102933,102941,10,1,6,,,,,,,,,,,,,,,,,,,,,,,,,,,,,,,,,,,,,,,,,,,,,
,,102947,E,,102947,557.1930575,102943,102961,20,1,4,,,,,,,,,,,,,,,,,,,,,,,,,,,,,,,,,,,,,,,,,,,,,
,,103092,R,,103092,1452.883117,103078,103096,20,-1,3,,,,,,,,,,,,,,,,,,,,,,,,,,,,,,,,,,,,,,,,,,,,,
,,103110,r,,103110,47.26203864,103102,103115,15,-1,5,,,,,,,,,,,,,,,,,,,,,,,,,,,,,,,,,,,,,,,,,,,,,
,,103117,r,,103117,0.945210969,103117,103117,2,,5,,,,,,,,,,,,,,,,,,,,,,,,,,,,,,,,,,,,,,,,,,,,,
,,103253,e,,103253,45.78881692,103246,103262,18,1,6,,,,,,,,,,,,,,,,,,,,,,,,,,,,,,,,,,,,,,,,,,,,,
,,103271,E,,103271,571.5347551,103263,103286,25,1,4,,,,,,,,,,,,,,,,,,,,,,,,,,,,,,,,,,,,,,,,,,,,,
,,103413,R,,103413,1488.927864,103407,103420,15,-1,3,,,,,,,,,,,,,,,,,,,,,,,,,,,,,,,,,,,,,,,,,,,,,
,,103425,r,,103425,1.799669178,103425,103426,3,,5,,,,,,,,,,,,,,,,,,,,,,,,,,,,,,,,,,,,,,,,,,,,,
,,103435,r,,103435,66.11710926,103429,103440,13,-1,5,,,,,,,,,,,,,,,,,,,,,,,,,,,,,,,,,,,,,,,,,,,,,
,,103662,e,,103662,44.57620322,103651,103678,29,1,6,,,,,,,,,,,,,,,,,,,,,,,,,,,,,,,,,,,,,,,,,,,,,
,,103764,E,,103764,250.3416317,103756,103788,34,1,4,,,,,,,,,,,,,,,,,,,,,,,,,,,,,,,,,,,,,,,,,,,,,
,,103914,R,,103914,1724.276273,103902,103922,22,-1,3,,,,,,,,,,,,,,,,,,,,,,,,,,,,,,,,,,,,,,,,,,,,,
,,103940,r,,103940,66.78480281,103931,103946,17,-1,5,,,,,,,,,,,,,,,,,,,,,,,,,,,,,,,,,,,,,,,,,,,,,
,,104046,e,,104046,57.94089786,104038,104054,18,1,6,,,,,,,,,,,,,,,,,,,,,,,,,,,,,,,,,,,,,,,,,,,,,
,,104064,E,,104064,431.9389291,104056,104086,32,1,4,,,,,,,,,,,,,,,,,,,,,,,,,,,,,,,,,,,,,,,,,,,,,
,,104205,R,,104205,1428.283357,104192,104212,22,-1,3,,,,,,,,,,,,,,,,,,,,,,,,,,,,,,,,,,,,,,,,,,,,,
,,104226,r,,104226,46.00385958,104218,104229,13,-1,5,,,,,,,,,,,,,,,,,,,,,,,,,,,,,,,,,,,,,,,,,,,,,
,,104233,r,,104233,2.716688591,104232,104234,4,-1,5,,,,,,,,,,,,,,,,,,,,,,,,,,,,,,,,,,,,,,,,,,,,,
,,104353,e,,104353,28.18072654,104347,104364,19,1,6,,,,,,,,,,,,,,,,,,,,,,,,,,,,,,,,,,,,,,,,,,,,,
,,104367,e,,104367,0.854458209,104367,104367,2,,6,,,,,,,,,,,,,,,,,,,,,,,,,,,,,,,,,,,,,,,,,,,,,
,,104376,e,,104376,16.56527366,104370,104384,16,1,6,,,,,,,,,,,,,,,,,,,,,,,,,,,,,,,,,,,,,,,,,,,,,
,,104390,e,,104390,16.61953359,104386,104392,8,1,6,,,,,,,,,,,,,,,,,,,,,,,,,,,,,,,,,,,,,,,,,,,,,
,,104397,e,,104397,11.96111132,104394,104402,10,-1,6,,,,,,,,,,,,,,,,,,,,,,,,,,,,,,,,,,,,,,,,,,,,,
,,104449,E,,104449,353.0400713,104424,104470,48,1,4,,,,,,,,,,,,,,,,,,,,,,,,,,,,,,,,,,,,,,,,,,,,,
,,104594,R,,104594,1581.448113,104579,104607,30,-1,3,,,,,,,,,,,,,,,,,,,,,,,,,,,,,,,,,,,,,,,,,,,,,
,,104621,r,,104621,74.14228942,104609,104628,21,-1,5,,,,,,,,,,,,,,,,,,,,,,,,,,,,,,,,,,,,,,,,,,,,,
,,104743,e,,104743,41.95350258,104732,104747,17,1,6,,,,,,,,,,,,,,,,,,,,,,,,,,,,,,,,,,,,,,,,,,,,,
,,104760,E,,104760,541.167511,104751,104782,33,1,4,,,,,,,,,,,,,,,,,,,,,,,,,,,,,,,,,,,,,,,,,,,,,
,,104901,R,,104901,1416.449942,104888,104906,20,-1,3,,,,,,,,,,,,,,,,,,,,,,,,,,,,,,,,,,,,,,,,,,,,,
,,104922,r,,104922,62.19869516,104912,104931,21,-1,5,,,,,,,,,,,,,,,,,,,,,,,,,,,,,,,,,,,,,,,,,,,,,
,,105067,e,,105067,49.87546839,105063,105070,9,1,6,,,,,,,,,,,,,,,,,,,,,,,,,,,,,,,,,,,,,,,,,,,,,
,,105077,E,,105077,673.0574685,105071,105099,30,1,4,,,,,,,,,,,,,,,,,,,,,,,,,,,,,,,,,,,,,,,,,,,,,
,,105215,R,,105215,1692.819566,105202,105224,24,-1,3,,,,,,,,,,,,,,,,,,,,,,,,,,,,,,,,,,,,,,,,,,,,,
,,105239,r,,105239,60.37045379,105229,105245,18,-1,5,,,,,,,,,,,,,,,,,,,,,,,,,,,,,,,,,,,,,,,,,,,,,
,,105443,e,,105443,37.31314989,105433,105457,26,1,6,,,,,,,,,,,,,,,,,,,,,,,,,,,,,,,,,,,,,,,,,,,,,
,,105472,E,,105472,248.73726,105460,105494,36,1,4,,,,,,,,,,,,,,,,,,,,,,,,,,,,,,,,,,,,,,,,,,,,,
,,105615,R,,105615,1716.33615,105597,105625,30,-1,3,,,,,,,,,,,,,,,,,,,,,,,,,,,,,,,,,,,,,,,,,,,,,
,,105641,r,,105641,57.12162169,105630,105647,19,-1,5,,,,,,,,,,,,,,,,,,,,,,,,,,,,,,,,,,,,,,,,,,,,,
,,105778,e,,105778,43.92147689,105767,105784,19,1,6,,,,,,,,,,,,,,,,,,,,,,,,,,,,,,,,,,,,,,,,,,,,,
,,105792,E,,105792,641.0948842,105785,105815,32,1,4,,,,,,,,,,,,,,,,,,,,,,,,,,,,,,,,,,,,,,,,,,,,,
,,105919,R,,105919,2.779252125,105918,105920,4,1,3,,,,,,,,,,,,,,,,,,,,,,,,,,,,,,,,,,,,,,,,,,,,,
,,105932,R,,105932,1647.636823,105922,105939,19,-1,3,,,,,,,,,,,,,,,,,,,,,,,,,,,,,,,,,,,,,,,,,,,,,
,,105954,r,,105954,60.38475101,105946,105957,13,-1,5,,,,,,,,,,,,,,,,,,,,,,,,,,,,,,,,,,,,,,,,,,,,,
,,106274,e,,106274,35.22921141,106267,106284,19,1,6,,,,,,,,,,,,,,,,,,,,,,,,,,,,,,,,,,,,,,,,,,,,,
,,106297,E,,106297,476.6394703,106291,106316,27,1,4,,,,,,,,,,,,,,,,,,,,,,,,,,,,,,,,,,,,,,,,,,,,,
,,106443,R,,106443,1576.401149,106425,106457,34,-1,3,,,,,,,,,,,,,,,,,,,,,,,,,,,,,,,,,,,,,,,,,,,,,
,,106472,r,,106472,79.42988098,106462,106484,24,-1,5,,,,,,,,,,,,,,,,,,,,,,,,,,,,,,,,,,,,,,,,,,,,,
,,106586,e,,106586,41.15098372,106578,106590,14,1,6,,,,,,,,,,,,,,,,,,,,,,,,,,,,,,,,,,,,,,,,,,,,,
,,106598,E,,106598,497.0877126,106591,106616,27,1,4,,,,,,,,,,,,,,,,,,,,,,,,,,,,,,,,,,,,,,,,,,,,,
,,106740,R,,106740,1595.566502,106720,106749,31,-1,3,,,,,,,,,,,,,,,,,,,,,,,,,,,,,,,,,,,,,,,,,,,,,
,,106759,r,,106759,63.07861306,106750,106767,19,-1,5,,,,,,,,,,,,,,,,,,,,,,,,,,,,,,,,,,,,,,,,,,,,,
,,107019,e,,107019,32.10467722,107013,107024,13,1,6,,,,,,,,,,,,,,,,,,,,,,,,,,,,,,,,,,,,,,,,,,,,,
,,107035,E,,107035,287.5851692,107025,107060,37,1,4,,,,,,,,,,,,,,,,,,,,,,,,,,,,,,,,,,,,,,,,,,,,,
,,107155,R,,107155,4.218803466,107154,107157,5,1,3,,,,,,,,,,,,,,,,,,,,,,,,,,,,,,,,,,,,,,,,,,,,,
,,107179,R,,107179,1718.925202,107159,107187,30,-1,3,,,,,,,,,,,,,,,,,,,,,,,,,,,,,,,,,,,,,,,,,,,,,
,,107208,r,,107208,73.62051183,107197,107216,21,-1,5,,,,,,,,,,,,,,,,,,,,,,,,,,,,,,,,,,,,,,,,,,,,,
,,107336,e,,107336,23.66762933,107327,107340,15,1,6,,,,,,,,,,,,,,,,,,,,,,,,,,,,,,,,,,,,,,,,,,,,,
,,107351,E,,107351,546.9657864,107341,107376,37,1,4,,,,,,,,,,,,,,,,,,,,,,,,,,,,,,,,,,,,,,,,,,,,,
,,107489,R,,107489,1546.351275,107458,107503,47,-1,3,,,,,,,,,,,,,,,,,,,,,,,,,,,,,,,,,,,,,,,,,,,,,
,,107504,r,,107504,0.854458209,107504,107504,2,,5,,,,,,,,,,,,,,,,,,,,,,,,,,,,,,,,,,,,,,,,,,,,,
,,107505,R,,107505,1.933904102,107505,107505,2,,3,,,,,,,,,,,,,,,,,,,,,,,,,,,,,,,,,,,,,,,,,,,,,
,,107512,r,,107512,43.44046536,107506,107517,13,-1,5,,,,,,,,,,,,,,,,,,,,,,,,,,,,,,,,,,,,,,,,,,,,,
,,107619,e,,107619,35.49673655,107611,107625,16,1,6,,,,,,,,,,,,,,,,,,,,,,,,,,,,,,,,,,,,,,,,,,,,,
,,107630,E,,107630,266.5287206,107626,107634,10,-1,4,,,,,,,,,,,,,,,,,,,,,,,,,,,,,,,,,,,,,,,,,,,,,
,,107643,E,,107643,165.9019295,107636,107655,21,-1,4,,,,,,,,,,,,,,,,,,,,,,,,,,,,,,,,,,,,,,,,,,,,,
,,107761,R,,107761,1.314411001,107761,107761,2,,3,,,,,,,,,,,,,,,,,,,,,,,,,,,,,,,,,,,,,,,,,,,,,
,,107773,R,,107773,1443.828482,107763,107781,20,-1,3,,,,,,,,,,,,,,,,,,,,,,,,,,,,,,,,,,,,,,,,,,,,,
,,107793,r,,107793,42.94977711,107782,107801,21,-1,5,,,,,,,,,,,,,,,,,,,,,,,,,,,,,,,,,,,,,,,,,,,,,
,,107929,e,,107929,43.80522299,107919,107938,21,1,6,,,,,,,,,,,,,,,,,,,,,,,,,,,,,,,,,,,,,,,,,,,,,
,,107954,E,,107954,367.4153792,107947,107958,13,-1,4,,,,,,,,,,,,,,,,,,,,,,,,,,,,,,,,,,,,,,,,,,,,,
,,107967,E,,107967,241.6378472,107960,107989,31,-1,4,,,,,,,,,,,,,,,,,,,,,,,,,,,,,,,,,,,,,,,,,,,,,
,,108098,R,,108098,1641.370206,108087,108105,20,-1,3,,,,,,,,,,,,,,,,,,,,,,,,,,,,,,,,,,,,,,,,,,,,,
,,108119,r,,108119,67.59402959,108109,108126,19,-1,5,,,,,,,,,,,,,,,,,,,,,,,,,,,,,,,,,,,,,,,,,,,,,
,,108129,r,,108129,3.364345257,108128,108130,4,1,5,,,,,,,,,,,,,,,,,,,,,,,,,,,,,,,,,,,,,,,,,,,,,
,,108306,e,,108306,43.80969768,108294,108313,21,1,6,,,,,,,,,,,,,,,,,,,,,,,,,,,,,,,,,,,,,,,,,,,,,
,,108339,E,,108339,250.2600034,108326,108359,35,1,4,,,,,,,,,,,,,,,,,,,,,,,,,,,,,,,,,,,,,,,,,,,,,
,,108452,R,,108452,0.854458209,108452,108452,2,,3,,,,,,,,,,,,,,,,,,,,,,,,,,,,,,,,,,,,,,,,,,,,,
,,108475,R,,108475,1531.505656,108454,108487,35,-1,3,,,,,,,,,,,,,,,,,,,,,,,,,,,,,,,,,,,,,,,,,,,,,
,,108501,r,,108501,71.01626479,108488,108507,21,-1,5,,,,,,,,,,,,,,,,,,,,,,,,,,,,,,,,,,,,,,,,,,,,,
,,108838,E,,108838,223.4874307,108820,108854,36,1,4,,,,,,,,,,,,,,,,,,,,,,,,,,,,,,,,,,,,,,,,,,,,,
,,108957,R,,108957,0.945210969,108957,108957,2,,3,,,,,,,,,,,,,,,,,,,,,,,,,,,,,,,,,,,,,,,,,,,,,
,,108981,R,,108981,1487.083167,108960,108992,34,-1,3,,,,,,,,,,,,,,,,,,,,,,,,,,,,,,,,,,,,,,,,,,,,,
,,109007,r,,109007,83.79851193,108993,109020,29,-1,5,,,,,,,,,,,,,,,,,,,,,,,,,,,,,,,,,,,,,,,,,,,,,
,,109139,e,,109139,36.02342446,109127,109143,18,1,6,,,,,,,,,,,,,,,,,,,,,,,,,,,,,,,,,,,,,,,,,,,,,
,,109152,E,,109152,516.2520912,109144,109173,31,1,4,,,,,,,,,,,,,,,,,,,,,,,,,,,,,,,,,,,,,,,,,,,,,
,,109289,R,,109289,1678.950153,109274,109298,26,-1,3,,,,,,,,,,,,,,,,,,,,,,,,,,,,,,,,,,,,,,,,,,,,,
,,109309,r,,109309,50.58065582,109299,109314,17,-1,5,,,,,,,,,,,,,,,,,,,,,,,,,,,,,,,,,,,,,,,,,,,,,
,,109317,r,,109317,4.732243836,109316,109320,6,1,5,,,,,,,,,,,,,,,,,,,,,,,,,,,,,,,,,,,,,,,,,,,,,
,,109634,e,,109634,34.63418654,109622,109646,26,1,6,,,,,,,,,,,,,,,,,,,,,,,,,,,,,,,,,,,,,,,,,,,,,
,,109658,E,,109658,310.6349013,109647,109679,34,1,4,,,,,,,,,,,,,,,,,,,,,,,,,,,,,,,,,,,,,,,,,,,,,
,,109804,R,,109804,1701.602547,109785,109814,31,-1,3,,,,,,,,,,,,,,,,,,,,,,,,,,,,,,,,,,,,,,,,,,,,,
,,109829,r,,109829,72.79504657,109815,109841,28,-1,5,,,,,,,,,,,,,,,,,,,,,,,,,,,,,,,,,,,,,,,,,,,,,
,,109946,e,,109946,60.80934281,109937,109951,16,1,6,,,,,,,,,,,,,,,,,,,,,,,,,,,,,,,,,,,,,,,,,,,,,
,,109960,E,,109960,493.5695529,109952,109978,28,1,4,,,,,,,,,,,,,,,,,,,,,,,,,,,,,,,,,,,,,,,,,,,,,
,,110101,R,,110101,1469.975196,110084,110109,27,-1,3,,,,,,,,,,,,,,,,,,,,,,,,,,,,,,,,,,,,,,,,,,,,,
,,110118,r,,110118,58.9147848,110110,110125,17,-1,5,,,,,,,,,,,,,,,,,,,,,,,,,,,,,,,,,,,,,,,,,,,,,
,,110128,r,,110128,0.826266653,110128,110128,2,,5,,,,,,,,,,,,,,,,,,,,,,,,,,,,,,,,,,,,,,,,,,,,,
,,110430,E,,110430,436.2932129,110422,110451,31,1,4,,,,,,,,,,,,,,,,,,,,,,,,,,,,,,,,,,,,,,,,,,,,,
,,110575,R,,110575,1701.0615,110554,110587,35,-1,3,,,,,,,,,,,,,,,,,,,,,,,,,,,,,,,,,,,,,,,,,,,,,
,,110600,r,,110600,79.05720031,110588,110614,28,-1,5,,,,,,,,,,,,,,,,,,,,,,,,,,,,,,,,,,,,,,,,,,,,,
,,110719,e,,110719,42.13824537,110706,110728,24,1,6,,,,,,,,,,,,,,,,,,,,,,,,,,,,,,,,,,,,,,,,,,,,,
,,110735,E,,110735,491.8312129,110729,110758,31,1,4,,,,,,,,,,,,,,,,,,,,,,,,,,,,,,,,,,,,,,,,,,,,,
,,110874,R,,110874,1447.708219,110854,110882,30,-1,3,,,,,,,,,,,,,,,,,,,,,,,,,,,,,,,,,,,,,,,,,,,,,
,,110892,r,,110892,62.72514698,110883,110902,21,-1,5,,,,,,,,,,,,,,,,,,,,,,,,,,,,,,,,,,,,,,,,,,,,,
,,111173,e,,111173,40.83014646,111157,111180,25,1,6,,,,,,,,,,,,,,,,,,,,,,,,,,,,,,,,,,,,,,,,,,,,,
,,111227,e,,111227,34.38617842,111220,111238,20,1,6,,,,,,,,,,,,,,,,,,,,,,,,,,,,,,,,,,,,,,,,,,,,,
,,111294,E,,111294,281.7552184,111277,111312,37,1,4,,,,,,,,,,,,,,,,,,,,,,,,,,,,,,,,,,,,,,,,,,,,,
,,111442,R,,111442,1558.275365,111418,111453,37,-1,3,,,,,,,,,,,,,,,,,,,,,,,,,,,,,,,,,,,,,,,,,,,,,
,,111465,r,,111465,59.24183807,111455,111475,22,-1,5,,,,,,,,,,,,,,,,,,,,,,,,,,,,,,,,,,,,,,,,,,,,,
,,111722,e,,111722,42.21654889,111709,111731,24,1,6,,,,,,,,,,,,,,,,,,,,,,,,,,,,,,,,,,,,,,,,,,,,,
,,111742,E,,111742,639.3242495,111732,111762,32,1,4,,,,,,,,,,,,,,,,,,,,,,,,,,,,,,,,,,,,,,,,,,,,,
,,111890,R,,111890,1776.68064,111873,111900,29,-1,3,,,,,,,,,,,,,,,,,,,,,,,,,,,,,,,,,,,,,,,,,,,,,
,,111914,r,,111914,66.86035322,111901,111923,24,-1,5,,,,,,,,,,,,,,,,,,,,,,,,,,,,,,,,,,,,,,,,,,,,,
,,112135,e,,112135,51.08103017,112130,112143,15,-1,6,,,,,,,,,,,,,,,,,,,,,,,,,,,,,,,,,,,,,,,,,,,,,
,,112153,E,,112153,581.6310681,112144,112176,34,1,4,,,,,,,,,,,,,,,,,,,,,,,,,,,,,,,,,,,,,,,,,,,,,
,,112302,R,,112302,1670.067973,112287,112313,28,-1,3,,,,,,,,,,,,,,,,,,,,,,,,,,,,,,,,,,,,,,,,,,,,,
,,112324,r,,112324,68.62604979,112314,112333,21,-1,5,,,,,,,,,,,,,,,,,,,,,,,,,,,,,,,,,,,,,,,,,,,,,
,,112521,e,,112521,34.80995637,112511,112535,26,1,6,,,,,,,,,,,,,,,,,,,,,,,,,,,,,,,,,,,,,,,,,,,,,
,,112553,E,,112553,692.5070809,112544,112571,29,1,4,,,,,,,,,,,,,,,,,,,,,,,,,,,,,,,,,,,,,,,,,,,,,
,,112695,R,,112695,1770.994284,112679,112708,31,-1,3,,,,,,,,,,,,,,,,,,,,,,,,,,,,,,,,,,,,,,,,,,,,,
,,112722,r,,112722,81.74060719,112709,112735,28,-1,5,,,,,,,,,,,,,,,,,,,,,,,,,,,,,,,,,,,,,,,,,,,,,
,,112850,e,,112850,41.06201195,112840,112855,17,1,6,,,,,,,,,,,,,,,,,,,,,,,,,,,,,,,,,,,,,,,,,,,,,
,,112866,E,,112866,660.0152914,112856,112883,29,1,4,,,,,,,,,,,,,,,,,,,,,,,,,,,,,,,,,,,,,,,,,,,,,
,,113006,R,,113006,1503.381523,112992,113014,24,-1,3,,,,,,,,,,,,,,,,,,,,,,,,,,,,,,,,,,,,,,,,,,,,,
,,113025,r,,113025,68.67210902,113015,113038,25,-1,5,,,,,,,,,,,,,,,,,,,,,,,,,,,,,,,,,,,,,,,,,,,,,
,,113246,e,,113246,43.15578456,113241,113268,29,1,6,,,,,,,,,,,,,,,,,,,,,,,,,,,,,,,,,,,,,,,,,,,,,
,,113279,e,,113279,3.364345257,113278,113280,4,1,6,,,,,,,,,,,,,,,,,,,,,,,,,,,,,,,,,,,,,,,,,,,,,
,,113283,e,,113283,1.314411001,113283,113283,2,,6,,,,,,,,,,,,,,,,,,,,,,,,,,,,,,,,,,,,,,,,,,,,,
,,113290,e,,113290,36.76248179,113286,113309,25,1,6,,,,,,,,,,,,,,,,,,,,,,,,,,,,,,,,,,,,,,,,,,,,,
,,113334,E,,113334,219.7386411,113318,113358,42,1,4,,,,,,,,,,,,,,,,,,,,,,,,,,,,,,,,,,,,,,,,,,,,,
,,113478,R,,113478,1592.224686,113450,113492,44,-1,3,,,,,,,,,,,,,,,,,,,,,,,,,,,,,,,,,,,,,,,,,,,,,
,,113503,r,,113503,83.33351784,113493,113518,27,-1,5,,,,,,,,,,,,,,,,,,,,,,,,,,,,,,,,,,,,,,,,,,,,,
,,113627,E,,113627,562.3843352,113611,113653,44,1,4,,,,,,,,,,,,,,,,,,,,,,,,,,,,,,,,,,,,,,,,,,,,,
,,113767,R,,113767,1534.132419,113749,113776,29,-1,3,,,,,,,,,,,,,,,,,,,,,,,,,,,,,,,,,,,,,,,,,,,,,
,,113786,r,,113786,75.2316051,113777,113795,20,-1,5,,,,,,,,,,,,,,,,,,,,,,,,,,,,,,,,,,,,,,,,,,,,,
,,113927,e,,113927,69.89952841,113915,113933,20,1,6,,,,,,,,,,,,,,,,,,,,,,,,,,,,,,,,,,,,,,,,,,,,,
,,113945,E,,113945,595.4644921,113934,113962,30,1,4,,,,,,,,,,,,,,,,,,,,,,,,,,,,,,,,,,,,,,,,,,,,,
,,114083,R,,114083,1543.518671,114070,114087,19,-1,3,,,,,,,,,,,,,,,,,,,,,,,,,,,,,,,,,,,,,,,,,,,,,
,,114102,r,,114102,76.44312318,114088,114115,29,-1,5,,,,,,,,,,,,,,,,,,,,,,,,,,,,,,,,,,,,,,,,,,,,,
,,114282,e,,114282,42.39775527,114263,114286,25,1,6,,,,,,,,,,,,,,,,,,,,,,,,,,,,,,,,,,,,,,,,,,,,,
,,114300,E,,114300,488.5903574,114287,114325,40,1,4,,,,,,,,,,,,,,,,,,,,,,,,,,,,,,,,,,,,,,,,,,,,,
,,114439,R,,114439,1433.943391,114423,114454,33,-1,3,,,,,,,,,,,,,,,,,,,,,,,,,,,,,,,,,,,,,,,,,,,,,
,,114463,r,,114463,51.94559137,114458,114467,11,-1,5,,,,,,,,,,,,,,,,,,,,,,,,,,,,,,,,,,,,,,,,,,,,,
,,114469,r,,114469,1.098527263,114469,114469,2,,5,,,,,,,,,,,,,,,,,,,,,,,,,,,,,,,,,,,,,,,,,,,,,
,,114589,e,,114589,35.76951411,114583,114596,15,-1,6,,,,,,,,,,,,,,,,,,,,,,,,,,,,,,,,,,,,,,,,,,,,,
,,114606,E,,114606,592.4368651,114597,114633,38,1,4,,,,,,,,,,,,,,,,,,,,,,,,,,,,,,,,,,,,,,,,,,,,,
,,114741,R,,114741,580.335787,114732,114745,15,1,3,,,,,,,,,,,,,,,,,,,,,,,,,,,,,,,,,,,,,,,,,,,,,
,,114749,R,,114749,437.0136279,114747,114755,10,1,3,,,,,,,,,,,,,,,,,,,,,,,,,,,,,,,,,,,,,,,,,,,,,
,,114764,r,,114764,56.14890139,114757,114772,17,-1,5,,,,,,,,,,,,,,,,,,,,,,,,,,,,,,,,,,,,,,,,,,,,,
,,114897,e,,114897,57.80686719,114888,114920,34,1,6,,,,,,,,,,,,,,,,,,,,,,,,,,,,,,,,,,,,,,,,,,,,,
,,114949,E,,114949,425.0737232,114924,114972,50,1,4,,,,,,,,,,,,,,,,,,,,,,,,,,,,,,,,,,,,,,,,,,,,,
,,115085,R,,115085,1460.173743,115069,115092,25,-1,3,,,,,,,,,,,,,,,,,,,,,,,,,,,,,,,,,,,,,,,,,,,,,
,,115109,r,,115109,60.27087653,115098,115113,17,-1,5,,,,,,,,,,,,,,,,,,,,,,,,,,,,,,,,,,,,,,,,,,,,,
,,115258,e,,115258,104.4663688,115250,115262,14,1,6,,,,,,,,,,,,,,,,,,,,,,,,,,,,,,,,,,,,,,,,,,,,,
,,115268,E,,115268,624.7998133,115263,115289,28,1,4,,,,,,,,,,,,,,,,,,,,,,,,,,,,,,,,,,,,,,,,,,,,,
,,115405,R,,115405,1655.348438,115394,115410,18,-1,3,,,,,,,,,,,,,,,,,,,,,,,,,,,,,,,,,,,,,,,,,,,,,
,,115427,r,,115427,56.05311259,115414,115435,23,-1,5,,,,,,,,,,,,,,,,,,,,,,,,,,,,,,,,,,,,,,,,,,,,,
,,115544,e,,115544,32.03705964,115536,115557,23,1,6,,,,,,,,,,,,,,,,,,,,,,,,,,,,,,,,,,,,,,,,,,,,,
,,115568,E,,115568,492.0770849,115558,115591,35,1,4,,,,,,,,,,,,,,,,,,,,,,,,,,,,,,,,,,,,,,,,,,,,,
,,115702,R,,115702,1406.451672,115687,115712,27,-1,3,,,,,,,,,,,,,,,,,,,,,,,,,,,,,,,,,,,,,,,,,,,,,
,,115722,r,,115722,80.46838826,115713,115739,28,-1,5,,,,,,,,,,,,,,,,,,,,,,,,,,,,,,,,,,,,,,,,,,,,,
,,115946,e,,115946,16.22320181,115941,115951,12,-1,6,,,,,,,,,,,,,,,,,,,,,,,,,,,,,,,,,,,,,,,,,,,,,
,,115975,e,,115975,30.60149722,115954,115979,27,-1,6,,,,,,,,,,,,,,,,,,,,,,,,,,,,,,,,,,,,,,,,,,,,,
,,116018,E,,116018,434.1447652,116002,116039,39,1,4,,,,,,,,,,,,,,,,,,,,,,,,,,,,,,,,,,,,,,,,,,,,,
,,116155,R,,116155,745.0971621,116140,116158,20,1,3,,,,,,,,,,,,,,,,,,,,,,,,,,,,,,,,,,,,,,,,,,,,,
,,116163,R,,116163,755.9658415,116160,116174,16,1,3,,,,,,,,,,,,,,,,,,,,,,,,,,,,,,,,,,,,,,,,,,,,,
,,116187,r,,116187,63.58286209,116175,116197,24,-1,5,,,,,,,,,,,,,,,,,,,,,,,,,,,,,,,,,,,,,,,,,,,,,
,,116299,e,,116299,37.82629991,116290,116316,28,1,6,,,,,,,,,,,,,,,,,,,,,,,,,,,,,,,,,,,,,,,,,,,,,
,,116328,E,,116328,458.5789321,116317,116347,32,1,4,,,,,,,,,,,,,,,,,,,,,,,,,,,,,,,,,,,,,,,,,,,,,
,,116465,R,,116465,1392.6902,116448,116474,28,-1,3,,,,,,,,,,,,,,,,,,,,,,,,,,,,,,,,,,,,,,,,,,,,,
,,116484,r,,116484,60.08891962,116475,116489,16,-1,5,,,,,,,,,,,,,,,,,,,,,,,,,,,,,,,,,,,,,,,,,,,,,
,,116602,e,,116602,38.36676261,116600,116611,13,-1,6,,,,,,,,,,,,,,,,,,,,,,,,,,,,,,,,,,,,,,,,,,,,,
,,116622,E,,116622,503.1203928,116612,116644,34,1,4,,,,,,,,,,,,,,,,,,,,,,,,,,,,,,,,,,,,,,,,,,,,,
,,116756,R,,116756,1603.70049,116744,116763,21,-1,3,,,,,,,,,,,,,,,,,,,,,,,,,,,,,,,,,,,,,,,,,,,,,
,,116776,r,,116776,67.89538789,116764,116791,29,-1,5,,,,,,,,,,,,,,,,,,,,,,,,,,,,,,,,,,,,,,,,,,,,,
,,116793,r,,116793,0.826266653,116793,116793,2,,5,,,,,,,,,,,,,,,,,,,,,,,,,,,,,,,,,,,,,,,,,,,,,
,,117010,e,,117010,27.92847651,117006,117012,8,-1,6,,,,,,,,,,,,,,,,,,,,,,,,,,,,,,,,,,,,,,,,,,,,,
,,117015,e,,117015,5.432579867,117015,117016,3,,6,,,,,,,,,,,,,,,,,,,,,,,,,,,,,,,,,,,,,,,,,,,,,
,,117023,E,,117023,733.064528,117017,117060,45,1,4,,,,,,,,,,,,,,,,,,,,,,,,,,,,,,,,,,,,,,,,,,,,,
,,117160,R,,117160,1580.562192,117145,117174,31,-1,3,,,,,,,,,,,,,,,,,,,,,,,,,,,,,,,,,,,,,,,,,,,,,
,,117189,r,,117189,75.27797568,117176,117202,28,-1,5,,,,,,,,,,,,,,,,,,,,,,,,,,,,,,,,,,,,,,,,,,,,,
,,117332,e,,117332,79.78087653,117318,117358,42,1,6,,,,,,,,,,,,,,,,,,,,,,,,,,,,,,,,,,,,,,,,,,,,,
,,117377,E,,117377,507.8223069,117368,117395,29,1,4,,,,,,,,,,,,,,,,,,,,,,,,,,,,,,,,,,,,,,,,,,,,,
,,117515,R,,117515,1424.21938,117489,117524,37,-1,3,,,,,,,,,,,,,,,,,,,,,,,,,,,,,,,,,,,,,,,,,,,,,
,,117538,r,,117538,63.69863041,117525,117547,24,-1,5,,,,,,,,,,,,,,,,,,,,,,,,,,,,,,,,,,,,,,,,,,,,,
,,117668,e,,117668,42.13488203,117658,117673,17,1,6,,,,,,,,,,,,,,,,,,,,,,,,,,,,,,,,,,,,,,,,,,,,,
,,117682,E,,117682,535.3920921,117674,117704,32,1,4,,,,,,,,,,,,,,,,,,,,,,,,,,,,,,,,,,,,,,,,,,,,,
,,117816,R,,117816,1428.147765,117790,117828,40,-1,3,,,,,,,,,,,,,,,,,,,,,,,,,,,,,,,,,,,,,,,,,,,,,
,,117838,r,,117838,68.95895162,117829,117845,18,-1,5,,,,,,,,,,,,,,,,,,,,,,,,,,,,,,,,,,,,,,,,,,,,,
,,117851,r,,117851,5.711824455,117848,117853,7,-1,5,,,,,,,,,,,,,,,,,,,,,,,,,,,,,,,,,,,,,,,,,,,,,
,,117959,e,,117959,44.32193708,117946,117964,20,1,6,,,,,,,,,,,,,,,,,,,,,,,,,,,,,,,,,,,,,,,,,,,,,
,,117972,E,,117972,538.7478784,117965,117997,34,1,4,,,,,,,,,,,,,,,,,,,,,,,,,,,,,,,,,,,,,,,,,,,,,
,,118099,R,,118099,601.2508591,118086,118102,18,1,3,,,,,,,,,,,,,,,,,,,,,,,,,,,,,,,,,,,,,,,,,,,,,
,,118106,R,,118106,481.0932081,118104,118110,8,1,3,,,,,,,,,,,,,,,,,,,,,,,,,,,,,,,,,,,,,,,,,,,,,
,,118123,r,,118123,68.33789853,118111,118138,29,-1,5,,,,,,,,,,,,,,,,,,,,,,,,,,,,,,,,,,,,,,,,,,,,,
,,118422,E,,118422,254.8551495,118406,118448,44,1,4,,,,,,,,,,,,,,,,,,,,,,,,,,,,,,,,,,,,,,,,,,,,,
,,118561,R,,118561,1503.69523,118545,118573,30,-1,3,,,,,,,,,,,,,,,,,,,,,,,,,,,,,,,,,,,,,,,,,,,,,
,,118588,r,,118588,77.68123444,118574,118602,30,-1,5,,,,,,,,,,,,,,,,,,,,,,,,,,,,,,,,,,,,,,,,,,,,,
,,118706,e,,118706,59.58033313,118701,118710,11,-1,6,,,,,,,,,,,,,,,,,,,,,,,,,,,,,,,,,,,,,,,,,,,,,
,,118720,E,,118720,491.2199293,118711,118740,31,1,4,,,,,,,,,,,,,,,,,,,,,,,,,,,,,,,,,,,,,,,,,,,,,
,,118857,R,,118857,1592.028815,118831,118866,37,-1,3,,,,,,,,,,,,,,,,,,,,,,,,,,,,,,,,,,,,,,,,,,,,,
,,118878,r,,118878,66.05506285,118867,118894,29,-1,5,,,,,,,,,,,,,,,,,,,,,,,,,,,,,,,,,,,,,,,,,,,,,
,,119140,e,,119140,45.46948317,119131,119144,15,1,6,,,,,,,,,,,,,,,,,,,,,,,,,,,,,,,,,,,,,,,,,,,,,
,,119151,E,,119151,488.2269298,119145,119172,29,1,4,,,,,,,,,,,,,,,,,,,,,,,,,,,,,,,,,,,,,,,,,,,,,
,,119289,R,,119289,1462.397457,119272,119298,28,-1,3,,,,,,,,,,,,,,,,,,,,,,,,,,,,,,,,,,,,,,,,,,,,,
,,119320,r,,119320,84.06970582,119305,119337,34,-1,5,,,,,,,,,,,,,,,,,,,,,,,,,,,,,,,,,,,,,,,,,,,,,
,,119426,e,,119426,55.56524207,119412,119438,28,1,6,,,,,,,,,,,,,,,,,,,,,,,,,,,,,,,,,,,,,,,,,,,,,
,,119455,E,,119455,455.1807042,119439,119478,41,1,4,,,,,,,,,,,,,,,,,,,,,,,,,,,,,,,,,,,,,,,,,,,,,
,,119589,R,,119589,1426.200886,119571,119598,29,-1,3,,,,,,,,,,,,,,,,,,,,,,,,,,,,,,,,,,,,,,,,,,,,,
,,119611,r,,119611,64.65091595,119599,119624,27,-1,5,,,,,,,,,,,,,,,,,,,,,,,,,,,,,,,,,,,,,,,,,,,,,
,,119894,e,,119894,30.27500899,119886,119901,17,-1,6,,,,,,,,,,,,,,,,,,,,,,,,,,,,,,,,,,,,,,,,,,,,,
,,119911,E,,119911,607.8647549,119902,119931,31,1,4,,,,,,,,,,,,,,,,,,,,,,,,,,,,,,,,,,,,,,,,,,,,,