WT 05 H2O2 4.abf,,,,,,,,,,,,,,,,,,,,,,,,,,,,,,,,,,,,,,,,,,,,,,,,,,,,,,,,
Sample_Rate,,Peaks,Annot,,loc,sumP,begin,term,length,sign,class,,,R_loc,R_sumP,R_length,E_loc,E_sumP,E_length,r2_loc,r2_sumP,r2_length,e1_loc,e1_sumP,e1_length,numIPSP,sumIPSP,numEPSP,sumEPSP,,,IPSP_loc,IPSP_sumP,IPSP_begin,IPSP_term,IPSP_length,IPSP_sign,IPSP_class,,,EPSP_loc,EPSP_sumP,EPSP_begin,EPSP_term,EPSP_length,EPSP_sign,EPSP_class,,,,spkName,label,R,G,B,classID
1000,,91,i,,91,25.93434759,83,115,34,-1,8,,,430,-702.6427519,15,164,64.09781647,19,0,0,0,153,14.56558609,14,0,0,0,0,,,2973,20.49016269,2965,2985,22,-1,7,,,91,25.93434759,83,115,34,-1,8,,,,unclassified,,0.5,0.5,0.5,1
,,153,e,,153,14.56558569,146,158,14,1,6,,,1391,-838.5549358,14,1143,58.69391632,26,0,0,0,1117,22.86058807,24,0,0,0,0,,,4185,8.817689298,4183,4192,11,1,7,,,1585,1.325228292,1585,1586,3,,8,,,,pump,,0,0,1,2
,,164,E,,164,64.09781685,159,176,19,1,4,,,3230,-564.5850418,13,3004,-3.136042833,4,0,0,0,0,0,0,0,0,4,37.05411368,,,5713,3.169772459,5713,5713,2,,7,,,2097,1.325228292,2097,2098,3,,8,,,,R,R,0,1,0,3
,,430,R,,430,702.6427519,423,436,15,-1,3,,,4412,-725.0612008,18,4128,60.03045654,18,0,0,0,4117,12.54416275,13,1,8.817689298,1,2.196294507,,,5788,2.614136999,5787,5789,4,-1,7,,,2325,1.883147227,2324,2326,4,1,8,,,,E,E,1,0,0,4
,,441,R,,441,0.557918934,441,441,2,,3,,,5963,-720.7002252,14,5675,48.74123383,21,0,0,0,5655,15.16195869,19,1,2.614136999,4,28.81635054,,,6656,7.316520207,6652,6657,7,-1,7,,,2441,5.332486084,2439,2444,7,1,8,,,,r2,r,1,1,0,5
,,1117,e,,1117,22.86058857,1113,1135,24,1,6,,,7248,-745.3881245,27,6963,61.63962936,22,0,0,0,6952,11.77748489,12,2,69.03971913,5,35.64929103,,,6702,0.975761427,6702,6702,2,,7,,,2452,8.400785161,2447,2456,11,1,8,,,,e1,e,1,0,1,6
,,1143,E,,1143,58.69391493,1136,1160,26,1,4,,,8724,-884.6192252,19,8622,153.9316711,12,0,0,0,0,0,0,3,82.58035244,0,0,,,6707,2.473428716,6707,6708,3,,7,,,2473,2.055586224,2473,2474,3,,8,,,,IPSP,P,0,1,1,7
,,1385,E,,1385,0.662614146,1385,1385,2,,4,,,9817,-882.0247675,27,9589,455.0323486,18,10002,3.031347752,4,9549,57.51505661,28,0,0,0,0,,,7114,44.50793721,7098,7141,45,-1,7,,,2889,21.43769521,2867,2893,28,1,8,,,,EPSP,i,1,0.8,0,8
,,1391,R,,1391,838.5549358,1386,1398,14,-1,3,,,11778,-779.7230094,12,11460,53.4357605,20,0,0,0,11439,-11.78051281,15,0,0,2,10.83726245,,,7174,24.53178192,7168,7190,24,-1,7,,,3719,2.196294507,3718,3720,4,-1,8,,,,,,,,,
,,1399,r,,1399,1.325228292,1399,1400,3,,5,,,11785,2.614136999,4,0,0,0,0,0,0,0,0,0,9,190.8585808,0,0,,,8650,0.662614146,8650,8650,2,,7,,,5234,7.281576749,5231,5235,6,1,8,,,,,,,,,
,,1585,i,,1585,1.325228292,1585,1586,3,,8,,,13393,-795.8771113,14,13092,55.69254303,20,0,0,0,13082,-12.64905453,10,1,14.35926838,1,4.529795496,,,8656,38.66962563,8652,8664,14,-1,7,,,5241,5.540789438,5239,5244,7,-1,8,,,,,,,,,
,,2097,i,,2097,1.325228292,2097,2098,3,,8,,,15652,-927.7117545,12,15340,56.47476578,22,0,0,0,15319,12.09667873,18,0,0,0,0,,,8671,22.50772039,8668,8677,11,-1,7,,,5336,6.653757347,5334,5338,6,1,8,,,,,,,,,
,,2325,i,,2325,1.883147227,2324,2326,4,1,8,,,17157,-999.3791387,14,16853,55.4262886,15,0,0,0,16845,8.54071331,12,0,0,3,16.96785934,,,8683,21.40300642,8680,8687,9,-1,7,,,5457,9.340227002,5451,5460,11,-1,8,,,,,,,,,
,,2441,i,,2441,5.332486084,2439,2444,7,1,8,,,36777,-433.7380785,15,36602,41.2074852,16,36815,-7.97913456,8,36580,-19.02820206,22,5,47.60063034,10,59.8771688,,,11500,0.975761427,11500,11500,2,,7,,,6214,5.994951516,6211,6217,8,-1,8,,,,,,,,,
,,2452,i,,2452,8.400785161,2447,2456,11,1,8,,,57496,-794.4010979,11,57206,50.41759109,19,0,0,0,57190,13.93651199,14,4,68.81997337,5,32.83287659,,,13140,1.49766729,13140,13140,2,,7,,,6505,12.40711368,6494,6507,15,1,8,,,,,,,,,
,,2473,i,,2473,2.055586224,2473,2474,3,,8,,,128568,-149.2952373,10,128436,21.77528572,17,128581,2.196294546,4,0,0,0,2,13.87305026,133,792.4457179,,,13200,14.35926838,13189,13204,17,1,7,,,6590,2.822895582,6589,6591,4,-1,8,,,,,,,,,
,,2889,i,,2889,21.43769521,2867,2893,28,1,8,,,156984,-100.9305377,9,156822,28.99250603,26,156988,3.380814552,5,0,0,0,2,18.53683041,22,149.8679713,,,16905,1.49766729,16905,16905,2,,7,,,6593,0.975761427,6593,6593,2,,8,,,,,,,,,
,,2913,e,,2913,12.82632322,2910,2923,15,1,6,,,,,,,,,,,,,,,,,,,,,16960,0.975761427,16960,16960,2,,7,,,6604,3.449338858,6603,6605,4,1,8,,,,,,,,,
,,2929,E,,2929,57.11146755,2924,2945,23,1,4,,,,,,,,,,,,,,,,,,,,,36638,9.095652484,36635,36640,7,-1,7,,,6713,10.97499139,6711,6716,7,-1,8,,,,,,,,,
,,2973,P,,2973,20.49016269,2965,2985,22,-1,7,,,,,,,,,,,,,,,,,,,,,36666,7.215484596,36661,36669,10,-1,7,,,9998,0.975761427,9998,9998,2,,8,,,,,,,,,
,,3004,E,,3004,3.136042863,3003,3005,4,-1,4,,,,,,,,,,,,,,,,,,,,,36697,10.38325817,36693,36702,11,-1,7,,,10086,4.914494877,10085,10090,7,1,8,,,,,,,,,
,,3230,R,,3230,564.5850418,3224,3235,13,-1,3,,,,,,,,,,,,,,,,,,,,,36731,15.81866937,36725,36734,11,-1,7,,,10512,0.662614146,10512,10512,2,,8,,,,,,,,,
,,3719,i,,3719,2.196294507,3718,3720,4,-1,8,,,,,,,,,,,,,,,,,,,,,36766,5.087565716,36764,36768,6,1,7,,,10596,0.557918934,10596,10596,2,,8,,,,,,,,,
,,4117,e,,4117,12.54416237,4111,4122,13,1,6,,,,,,,,,,,,,,,,,,,,,57248,18.92302994,57243,57254,13,-1,7,,,11239,5.922767574,11236,11240,6,1,8,,,,,,,,,
,,4128,E,,4128,60.03045619,4123,4139,18,1,4,,,,,,,,,,,,,,,,,,,,,57279,15.40000699,57275,57287,14,-1,7,,,11920,4.529795496,11919,11922,5,-1,8,,,,,,,,,
,,4185,P,,4185,8.817689298,4183,4192,11,1,7,,,,,,,,,,,,,,,,,,,,,57311,19.61592,57304,57320,18,-1,7,,,16720,1.325228292,16720,16721,3,,8,,,,,,,,,
,,4412,R,,4412,725.0612008,4406,4422,18,-1,3,,,,,,,,,,,,,,,,,,,,,57338,14.88101644,57332,57347,17,-1,7,,,16724,2.509441787,16723,16725,4,1,8,,,,,,,,,
,,5234,i,,5234,7.281576749,5231,5235,6,1,8,,,,,,,,,,,,,,,,,,,,,128480,1.49766729,128480,128480,2,,7,,,16733,10.80046883,16729,16738,11,1,8,,,,,,,,,
,,5241,i,,5241,5.540789438,5239,5244,7,-1,8,,,,,,,,,,,,,,,,,,,,,128483,0.975761427,128483,128483,2,,7,,,16757,3.657948726,16756,16758,4,1,8,,,,,,,,,
,,5336,i,,5336,6.653757347,5334,5338,6,1,8,,,,,,,,,,,,,,,,,,,,,128494,0.557918934,128494,128494,2,,7,,,16760,1.49766729,16760,16760,2,,8,,,,,,,,,
,,5457,i,,5457,9.340227002,5451,5460,11,-1,8,,,,,,,,,,,,,,,,,,,,,128506,3.693961797,128505,128508,5,1,7,,,19572,6.308098796,19568,19574,8,-1,8,,,,,,,,,
,,5655,e,,5655,15.16195896,5650,5667,19,1,6,,,,,,,,,,,,,,,,,,,,,128539,10.17908846,128537,128549,14,1,7,,,23671,5.159898372,23669,23675,8,-1,8,,,,,,,,,
,,5675,E,,5675,48.74123433,5668,5687,21,1,4,,,,,,,,,,,,,,,,,,,,,156847,7.594872744,156845,156849,6,-1,7,,,25091,7.773403531,25085,25094,11,-1,8,,,,,,,,,
,,5713,P,,5713,3.169772459,5713,5713,2,,7,,,,,,,,,,,,,,,,,,,,,156906,10.94195766,156901,156911,12,-1,7,,,26739,3.727691394,26739,26740,3,,8,,,,,,,,,
,,5788,P,,5788,2.614136999,5787,5789,4,-1,7,,,,,,,,,,,,,,,,,,,,,156913,0.557918934,156913,156913,2,,7,,,26742,0.557918934,26742,26742,2,,8,,,,,,,,,
,,5963,R,,5963,720.7002252,5956,5968,14,-1,3,,,,,,,,,,,,,,,,,,,,,156972,1.49766729,156972,156972,2,,7,,,26871,1.533680361,26871,26872,3,,8,,,,,,,,,
,,6214,i,,6214,5.994951516,6211,6217,8,-1,8,,,,,,,,,,,,,,,,,,,,,,,,,,,,,,27374,4.74205588,27371,27377,8,-1,8,,,,,,,,,
,,6505,i,,6505,12.40711368,6494,6507,15,1,8,,,,,,,,,,,,,,,,,,,,,,,,,,,,,,27422,8.5381229,27419,27426,9,-1,8,,,,,,,,,
,,6590,i,,6590,2.822895582,6589,6591,4,-1,8,,,,,,,,,,,,,,,,,,,,,,,,,,,,,,27456,1.49766729,27456,27456,2,,8,,,,,,,,,
,,6593,i,,6593,0.975761427,6593,6593,2,,8,,,,,,,,,,,,,,,,,,,,,,,,,,,,,,27853,5.681804235,27852,27858,8,1,8,,,,,,,,,
,,6604,i,,6604,3.449338858,6603,6605,4,1,8,,,,,,,,,,,,,,,,,,,,,,,,,,,,,,29659,10.41746181,29653,29660,9,1,8,,,,,,,,,
,,6656,P,,6656,7.316520207,6652,6657,7,-1,7,,,,,,,,,,,,,,,,,,,,,,,,,,,,,,29672,2.196294507,29671,29673,4,1,8,,,,,,,,,
,,6702,P,,6702,0.975761427,6702,6702,2,,7,,,,,,,,,,,,,,,,,,,,,,,,,,,,,,29817,1.49766729,29817,29817,2,,8,,,,,,,,,
,,6707,P,,6707,2.473428716,6707,6708,3,,7,,,,,,,,,,,,,,,,,,,,,,,,,,,,,,32086,0.662614146,32086,32086,2,,8,,,,,,,,,
,,6709,R,,6709,2.473428716,6709,6710,3,,3,,,,,,,,,,,,,,,,,,,,,,,,,,,,,,32168,3.693961797,32167,32170,5,-1,8,,,,,,,,,
,,6713,i,,6713,10.97499139,6711,6716,7,-1,8,,,,,,,,,,,,,,,,,,,,,,,,,,,,,,32317,0.975761427,32317,32317,2,,8,,,,,,,,,
,,6952,e,,6952,11.77748485,6946,6956,12,1,6,,,,,,,,,,,,,,,,,,,,,,,,,,,,,,32321,0.662614146,32321,32321,2,,8,,,,,,,,,
,,6963,E,,6963,61.63962959,6958,6978,22,1,4,,,,,,,,,,,,,,,,,,,,,,,,,,,,,,32324,5.366066966,32323,32326,5,-1,8,,,,,,,,,
,,7114,P,,7114,44.50793721,7098,7141,45,-1,7,,,,,,,,,,,,,,,,,,,,,,,,,,,,,,33786,1.638375573,33786,33787,3,,8,,,,,,,,,
,,7174,P,,7174,24.53178192,7168,7190,24,-1,7,,,,,,,,,,,,,,,,,,,,,,,,,,,,,,34829,0.557918934,34829,34829,2,,8,,,,,,,,,
,,7248,R,,7248,745.3881245,7236,7261,27,-1,3,,,,,,,,,,,,,,,,,,,,,,,,,,,,,,35794,0.662614146,35794,35794,2,,8,,,,,,,,,
,,8622,E,,8622,153.9316681,8618,8628,12,1,4,,,,,,,,,,,,,,,,,,,,,,,,,,,,,,37811,0.975761427,37811,37811,2,,8,,,,,,,,,
,,8650,P,,8650,0.662614146,8650,8650,2,,7,,,,,,,,,,,,,,,,,,,,,,,,,,,,,,38750,2.336370949,38750,38753,5,,8,,,,,,,,,
,,8656,P,,8656,38.66962563,8652,8664,14,-1,7,,,,,,,,,,,,,,,,,,,,,,,,,,,,,,38839,8.504393303,38835,38844,11,1,8,,,,,,,,,
,,8671,P,,8671,22.50772039,8668,8677,11,-1,7,,,,,,,,,,,,,,,,,,,,,,,,,,,,,,38867,1.325228292,38867,38868,3,,8,,,,,,,,,
,,8683,P,,8683,21.40300642,8680,8687,9,-1,7,,,,,,,,,,,,,,,,,,,,,,,,,,,,,,46571,4.145533886,46571,46572,3,,8,,,,,,,,,
,,8724,R,,8724,884.6192252,8718,8735,19,-1,3,,,,,,,,,,,,,,,,,,,,,,,,,,,,,,46642,1.533680361,46642,46643,3,,8,,,,,,,,,
,,8791,r,,8791,1.22053308,8791,8792,3,,5,,,,,,,,,,,,,,,,,,,,,,,,,,,,,,47030,0.557918934,47030,47030,2,,8,,,,,,,,,
,,9549,e,,9549,57.51505613,9538,9564,28,1,6,,,,,,,,,,,,,,,,,,,,,,,,,,,,,,49329,1.533680361,49329,49330,3,,8,,,,,,,,,
,,9589,E,,9589,455.0323515,9578,9594,18,1,4,,,,,,,,,,,,,,,,,,,,,,,,,,,,,,49584,0.662614146,49584,49584,2,,8,,,,,,,,,
,,9800,R,,9800,0.975761427,9800,9800,2,,3,,,,,,,,,,,,,,,,,,,,,,,,,,,,,,49864,13.76835505,49856,49872,18,-1,8,,,,,,,,,
,,9817,R,,9817,882.0247675,9802,9827,27,-1,3,,,,,,,,,,,,,,,,,,,,,,,,,,,,,,51067,2.196294507,51066,51068,4,1,8,,,,,,,,,
,,9998,i,,9998,0.975761427,9998,9998,2,,8,,,,,,,,,,,,,,,,,,,,,,,,,,,,,,52408,4.496652385,52407,52412,7,-1,8,,,,,,,,,
,,10002,r,,10002,3.031347651,10001,10003,4,1,5,,,,,,,,,,,,,,,,,,,,,,,,,,,,,,53706,3.86718135,53705,53707,4,1,8,,,,,,,,,
,,10086,i,,10086,4.914494877,10085,10090,7,1,8,,,,,,,,,,,,,,,,,,,,,,,,,,,,,,53937,0.662614146,53937,53937,2,,8,,,,,,,,,
,,10512,i,,10512,0.662614146,10512,10512,2,,8,,,,,,,,,,,,,,,,,,,,,,,,,,,,,,54594,0.662614146,54594,54594,2,,8,,,,,,,,,
,,10596,i,,10596,0.557918934,10596,10596,2,,8,,,,,,,,,,,,,,,,,,,,,,,,,,,,,,56978,1.325228292,56978,56979,3,,8,,,,,,,,,
,,11239,i,,11239,5.922767574,11236,11240,6,1,8,,,,,,,,,,,,,,,,,,,,,,,,,,,,,,58623,10.17586663,58615,58624,11,-1,8,,,,,,,,,
,,11439,e,,11439,11.78051261,11434,11447,15,-1,6,,,,,,,,,,,,,,,,,,,,,,,,,,,,,,58999,0.975761427,58999,58999,2,,8,,,,,,,,,
,,11460,E,,11460,53.43575927,11455,11473,20,1,4,,,,,,,,,,,,,,,,,,,,,,,,,,,,,,59710,4.252512572,59709,59713,6,1,8,,,,,,,,,
,,11500,P,,11500,0.975761427,11500,11500,2,,7,,,,,,,,,,,,,,,,,,,,,,,,,,,,,,59812,1.778452015,59812,59814,4,,8,,,,,,,,,
,,11778,R,,11778,779.7230094,11772,11782,12,-1,3,,,,,,,,,,,,,,,,,,,,,,,,,,,,,,60479,6.934699871,60475,60481,8,-1,8,,,,,,,,,
,,11783,r,,11783,0.975761427,11783,11783,2,,5,,,,,,,,,,,,,,,,,,,,,,,,,,,,,,60629,1.49766729,60629,60629,2,,8,,,,,,,,,
,,11785,R,,11785,2.614136999,11784,11786,4,1,3,,,,,,,,,,,,,,,,,,,,,,,,,,,,,,60962,3.276751145,60961,60964,5,1,8,,,,,,,,,
,,11789,r,,11789,1.638375573,11789,11790,3,,5,,,,,,,,,,,,,,,,,,,,,,,,,,,,,,61363,0.975761427,61363,61363,2,,8,,,,,,,,,
,,11920,i,,11920,4.529795496,11919,11922,5,-1,8,,,,,,,,,,,,,,,,,,,,,,,,,,,,,,61369,0.557918934,61369,61369,2,,8,,,,,,,,,
,,13082,e,,13082,12.64905471,13078,13086,10,-1,6,,,,,,,,,,,,,,,,,,,,,,,,,,,,,,61400,8.396196291,61395,61401,8,-1,8,,,,,,,,,
,,13092,E,,13092,55.69254414,13087,13105,20,1,4,,,,,,,,,,,,,,,,,,,,,,,,,,,,,,61423,4.111953004,61421,61424,5,-1,8,,,,,,,,,
,,13140,P,,13140,1.49766729,13140,13140,2,,7,,,,,,,,,,,,,,,,,,,,,,,,,,,,,,62897,0.557918934,62897,62897,2,,8,,,,,,,,,
,,13200,P,,13200,14.35926838,13189,13204,17,1,7,,,,,,,,,,,,,,,,,,,,,,,,,,,,,,64996,0.662614146,64996,64996,2,,8,,,,,,,,,
,,13393,R,,13393,795.8771113,13388,13400,14,-1,3,,,,,,,,,,,,,,,,,,,,,,,,,,,,,,65131,2.509441787,65130,65132,4,-1,8,,,,,,,,,
,,15319,e,,15319,12.09667856,15316,15332,18,1,6,,,,,,,,,,,,,,,,,,,,,,,,,,,,,,65660,0.557918934,65660,65660,2,,8,,,,,,,,,
,,15340,E,,15340,56.47476729,15333,15353,22,1,4,,,,,,,,,,,,,,,,,,,,,,,,,,,,,,65665,5.472413812,65662,65668,8,-1,8,,,,,,,,,
,,15652,R,,15652,927.7117545,15647,15657,12,-1,3,,,,,,,,,,,,,,,,,,,,,,,,,,,,,,65769,10.03457186,65767,65775,10,1,8,,,,,,,,,
,,16720,i,,16720,1.325228292,16720,16721,3,,8,,,,,,,,,,,,,,,,,,,,,,,,,,,,,,66397,1.22053308,66397,66398,3,,8,,,,,,,,,
,,16724,i,,16724,2.509441787,16723,16725,4,1,8,,,,,,,,,,,,,,,,,,,,,,,,,,,,,,66977,6.797642104,66973,66981,10,1,8,,,,,,,,,
,,16733,i,,16733,10.80046883,16729,16738,11,1,8,,,,,,,,,,,,,,,,,,,,,,,,,,,,,,67835,0.557918934,67835,67835,2,,8,,,,,,,,,
,,16757,i,,16757,3.657948726,16756,16758,4,1,8,,,,,,,,,,,,,,,,,,,,,,,,,,,,,,67843,5.994319675,67838,67844,8,-1,8,,,,,,,,,
,,16760,i,,16760,1.49766729,16760,16760,2,,8,,,,,,,,,,,,,,,,,,,,,,,,,,,,,,68467,0.557918934,68467,68467,2,,8,,,,,,,,,
,,16845,e,,16845,8.540712888,16837,16847,12,1,6,,,,,,,,,,,,,,,,,,,,,,,,,,,,,,69431,3.832386606,69431,69432,3,,8,,,,,,,,,
,,16853,E,,16853,55.42628936,16848,16861,15,1,4,,,,,,,,,,,,,,,,,,,,,,,,,,,,,,69439,0.975761427,69439,69439,2,,8,,,,,,,,,
,,16905,P,,16905,1.49766729,16905,16905,2,,7,,,,,,,,,,,,,,,,,,,,,,,,,,,,,,69754,7.736452105,69753,69761,10,1,8,,,,,,,,,
,,16960,P,,16960,0.975761427,16960,16960,2,,7,,,,,,,,,,,,,,,,,,,,,,,,,,,,,,69794,2.160281436,69794,69795,3,,8,,,,,,,,,
,,17157,R,,17157,999.3791387,17150,17162,14,-1,3,,,,,,,,,,,,,,,,,,,,,,,,,,,,,,69834,3.172055933,69832,69835,5,1,8,,,,,,,,,
,,19572,i,,19572,6.308098796,19568,19574,8,-1,8,,,,,,,,,,,,,,,,,,,,,,,,,,,,,,69929,10.56061137,69922,69933,13,1,8,,,,,,,,,
,,23671,i,,23671,5.159898372,23669,23675,8,-1,8,,,,,,,,,,,,,,,,,,,,,,,,,,,,,,71788,5.821880677,71785,71792,9,1,8,,,,,,,,,
,,25078,e,,25078,4.77456715,25076,25080,6,1,6,,,,,,,,,,,,,,,,,,,,,,,,,,,,,,71950,8.6454081,71944,71954,12,-1,8,,,,,,,,,
,,25083,e,,25083,1.22053308,25083,25084,3,,6,,,,,,,,,,,,,,,,,,,,,,,,,,,,,,72319,2.786724711,72319,72320,3,,8,,,,,,,,,
,,25091,i,,25091,7.773403531,25085,25094,11,-1,8,,,,,,,,,,,,,,,,,,,,,,,,,,,,,,72323,2.71820037,72322,72324,4,1,8,,,,,,,,,
,,26739,i,,26739,3.727691394,26739,26740,3,,8,,,,,,,,,,,,,,,,,,,,,,,,,,,,,,73355,4.079441734,73354,73359,7,-1,8,,,,,,,,,
,,26742,i,,26742,0.557918934,26742,26742,2,,8,,,,,,,,,,,,,,,,,,,,,,,,,,,,,,73399,2.300989719,73398,73400,4,-1,8,,,,,,,,,
,,26871,i,,26871,1.533680361,26871,26872,3,,8,,,,,,,,,,,,,,,,,,,,,,,,,,,,,,73416,3.416827587,73415,73419,6,-1,8,,,,,,,,,
,,27374,i,,27374,4.74205588,27371,27377,8,-1,8,,,,,,,,,,,,,,,,,,,,,,,,,,,,,,74834,8.573075444,74829,74837,10,-1,8,,,,,,,,,
,,27422,i,,27422,8.5381229,27419,27426,9,-1,8,,,,,,,,,,,,,,,,,,,,,,,,,,,,,,75827,6.550586976,75824,75828,6,-1,8,,,,,,,,,
,,27456,i,,27456,1.49766729,27456,27456,2,,8,,,,,,,,,,,,,,,,,,,,,,,,,,,,,,75898,8.329038991,75895,75902,9,-1,8,,,,,,,,,
,,27853,i,,27853,5.681804235,27852,27858,8,1,8,,,,,,,,,,,,,,,,,,,,,,,,,,,,,,75908,2.99533458,75908,75909,3,,8,,,,,,,,,
,,29659,i,,29659,10.41746181,29653,29660,9,1,8,,,,,,,,,,,,,,,,,,,,,,,,,,,,,,75916,3.626218011,75914,75918,6,1,8,,,,,,,,,
,,29672,i,,29672,2.196294507,29671,29673,4,1,8,,,,,,,,,,,,,,,,,,,,,,,,,,,,,,75925,2.196294507,75924,75926,4,-1,8,,,,,,,,,
,,29817,i,,29817,1.49766729,29817,29817,2,,8,,,,,,,,,,,,,,,,,,,,,,,,,,,,,,76017,6.203552299,76014,76020,8,-1,8,,,,,,,,,
,,32086,i,,32086,0.662614146,32086,32086,2,,8,,,,,,,,,,,,,,,,,,,,,,,,,,,,,,76077,6.866649571,76072,76079,9,1,8,,,,,,,,,
,,32168,i,,32168,3.693961797,32167,32170,5,-1,8,,,,,,,,,,,,,,,,,,,,,,,,,,,,,,76083,4.043122148,76081,76085,6,1,8,,,,,,,,,
,,32317,i,,32317,0.975761427,32317,32317,2,,8,,,,,,,,,,,,,,,,,,,,,,,,,,,,,,76286,3.031347651,76285,76287,4,1,8,,,,,,,,,
,,32321,i,,32321,0.662614146,32321,32321,2,,8,,,,,,,,,,,,,,,,,,,,,,,,,,,,,,76290,4.461271155,76289,76293,6,1,8,,,,,,,,,
,,32324,i,,32324,5.366066966,32323,32326,5,-1,8,,,,,,,,,,,,,,,,,,,,,,,,,,,,,,76411,0.975761427,76411,76411,2,,8,,,,,,,,,
,,33786,i,,33786,1.638375573,33786,33787,3,,8,,,,,,,,,,,,,,,,,,,,,,,,,,,,,,76416,5.08771443,76413,76417,6,-1,8,,,,,,,,,
,,34829,i,,34829,0.557918934,34829,34829,2,,8,,,,,,,,,,,,,,,,,,,,,,,,,,,,,,76420,0.662614146,76420,76420,2,,8,,,,,,,,,
,,35794,i,,35794,0.662614146,35794,35794,2,,8,,,,,,,,,,,,,,,,,,,,,,,,,,,,,,76481,8.223757293,76479,76486,9,-1,8,,,,,,,,,
,,36580,e,,36580,19.02820196,36575,36595,22,-1,6,,,,,,,,,,,,,,,,,,,,,,,,,,,,,,77183,3.903045706,77182,77185,5,-1,8,,,,,,,,,
,,36602,E,,36602,41.20748342,36596,36610,16,1,4,,,,,,,,,,,,,,,,,,,,,,,,,,,,,,77775,5.263961743,77770,77776,8,-1,8,,,,,,,,,
,,36638,P,,36638,9.095652484,36635,36640,7,-1,7,,,,,,,,,,,,,,,,,,,,,,,,,,,,,,77823,6.83000466,77821,77827,8,-1,8,,,,,,,,,
,,36666,P,,36666,7.215484596,36661,36669,10,-1,7,,,,,,,,,,,,,,,,,,,,,,,,,,,,,,77853,11.04936504,77848,77861,15,-1,8,,,,,,,,,
,,36697,P,,36697,10.38325817,36693,36702,11,-1,7,,,,,,,,,,,,,,,,,,,,,,,,,,,,,,79185,15.0929515,79179,79197,20,-1,8,,,,,,,,,
,,36731,P,,36731,15.81866937,36725,36734,11,-1,7,,,,,,,,,,,,,,,,,,,,,,,,,,,,,,79201,0.975761427,79201,79201,2,,8,,,,,,,,,
,,36766,P,,36766,5.087565716,36764,36768,6,1,7,,,,,,,,,,,,,,,,,,,,,,,,,,,,,,79265,1.325228292,79265,79266,3,,8,,,,,,,,,
,,36777,R,,36777,433.7380785,36769,36782,15,-1,3,,,,,,,,,,,,,,,,,,,,,,,,,,,,,,79354,0.662614146,79354,79354,2,,8,,,,,,,,,
,,36815,r,,36815,7.979134354,36813,36819,8,-1,5,,,,,,,,,,,,,,,,,,,,,,,,,,,,,,79448,5.192409642,79447,79451,6,-1,8,,,,,,,,,
,,37811,i,,37811,0.975761427,37811,37811,2,,8,,,,,,,,,,,,,,,,,,,,,,,,,,,,,,79490,0.975761427,79490,79490,2,,8,,,,,,,,,
,,38750,i,,38750,2.336370949,38750,38753,5,,8,,,,,,,,,,,,,,,,,,,,,,,,,,,,,,79493,1.951522853,79493,79494,3,,8,,,,,,,,,
,,38839,i,,38839,8.504393303,38835,38844,11,1,8,,,,,,,,,,,,,,,,,,,,,,,,,,,,,,79498,3.729974868,79496,79500,6,1,8,,,,,,,,,
,,38867,i,,38867,1.325228292,38867,38868,3,,8,,,,,,,,,,,,,,,,,,,,,,,,,,,,,,79672,5.822512518,79671,79678,9,-1,8,,,,,,,,,
,,46571,i,,46571,4.145533886,46571,46572,3,,8,,,,,,,,,,,,,,,,,,,,,,,,,,,,,,79873,1.533680361,79873,79874,3,,8,,,,,,,,,
,,46642,i,,46642,1.533680361,46642,46643,3,,8,,,,,,,,,,,,,,,,,,,,,,,,,,,,,,80253,0.975761427,80253,80253,2,,8,,,,,,,,,
,,47030,i,,47030,0.557918934,47030,47030,2,,8,,,,,,,,,,,,,,,,,,,,,,,,,,,,,,80306,4.007109077,80305,80308,5,1,8,,,,,,,,,
,,49329,i,,49329,1.533680361,49329,49330,3,,8,,,,,,,,,,,,,,,,,,,,,,,,,,,,,,80312,6.692946892,80310,80318,10,1,8,,,,,,,,,
,,49584,i,,49584,0.662614146,49584,49584,2,,8,,,,,,,,,,,,,,,,,,,,,,,,,,,,,,80444,13.24644918,80437,80453,18,1,8,,,,,,,,,
,,49864,i,,49864,13.76835505,49856,49872,18,-1,8,,,,,,,,,,,,,,,,,,,,,,,,,,,,,,80586,0.975761427,80586,80586,2,,8,,,,,,,,,
,,51067,i,,51067,2.196294507,51066,51068,4,1,8,,,,,,,,,,,,,,,,,,,,,,,,,,,,,,80770,1.49766729,80770,80770,2,,8,,,,,,,,,
,,52408,i,,52408,4.496652385,52407,52412,7,-1,8,,,,,,,,,,,,,,,,,,,,,,,,,,,,,,80774,2.894289883,80772,80776,6,1,8,,,,,,,,,
,,53706,i,,53706,3.86718135,53705,53707,4,1,8,,,,,,,,,,,,,,,,,,,,,,,,,,,,,,81883,0.557918934,81883,81883,2,,8,,,,,,,,,
,,53937,i,,53937,0.662614146,53937,53937,2,,8,,,,,,,,,,,,,,,,,,,,,,,,,,,,,,82065,3.031347651,82064,82066,4,1,8,,,,,,,,,
,,54594,i,,54594,0.662614146,54594,54594,2,,8,,,,,,,,,,,,,,,,,,,,,,,,,,,,,,82951,4.252512572,82950,82954,6,-1,8,,,,,,,,,
,,56978,i,,56978,1.325228292,56978,56979,3,,8,,,,,,,,,,,,,,,,,,,,,,,,,,,,,,83060,4.14781736,83057,83061,6,1,8,,,,,,,,,
,,57190,e,,57190,13.93651169,57184,57196,14,1,6,,,,,,,,,,,,,,,,,,,,,,,,,,,,,,83065,3.974746522,83064,83069,7,1,8,,,,,,,,,
,,57206,E,,57206,50.41759218,57199,57216,19,1,4,,,,,,,,,,,,,,,,,,,,,,,,,,,,,,83190,2.71820037,83189,83191,4,1,8,,,,,,,,,
,,57248,P,,57248,18.92302994,57243,57254,13,-1,7,,,,,,,,,,,,,,,,,,,,,,,,,,,,,,83194,1.638375573,83194,83195,3,,8,,,,,,,,,
,,57279,P,,57279,15.40000699,57275,57287,14,-1,7,,,,,,,,,,,,,,,,,,,,,,,,,,,,,,83199,3.83467008,83197,83201,6,1,8,,,,,,,,,
,,57311,P,,57311,19.61592,57304,57320,18,-1,7,,,,,,,,,,,,,,,,,,,,,,,,,,,,,,83318,4.774418435,83316,83320,6,-1,8,,,,,,,,,
,,57338,P,,57338,14.88101644,57332,57347,17,-1,7,,,,,,,,,,,,,,,,,,,,,,,,,,,,,,83432,1.325228292,83432,83433,3,,8,,,,,,,,,
,,57496,R,,57496,794.4010979,57490,57499,11,-1,3,,,,,,,,,,,,,,,,,,,,,,,,,,,,,,83435,0.975761427,83435,83435,2,,8,,,,,,,,,
,,57500,r,,57500,0.662614146,57500,57500,2,,5,,,,,,,,,,,,,,,,,,,,,,,,,,,,,,83667,2.614136999,83666,83668,4,1,8,,,,,,,,,
,,57501,R,,57501,0.975761427,57501,57501,2,,3,,,,,,,,,,,,,,,,,,,,,,,,,,,,,,83747,3.521522799,83746,83750,6,1,8,,,,,,,,,
,,58623,i,,58623,10.17586663,58615,58624,11,-1,8,,,,,,,,,,,,,,,,,,,,,,,,,,,,,,83752,0.975761427,83752,83752,2,,8,,,,,,,,,
,,58999,i,,58999,0.975761427,58999,58999,2,,8,,,,,,,,,,,,,,,,,,,,,,,,,,,,,,85264,5.08771443,85262,85266,6,1,8,,,,,,,,,
,,59710,i,,59710,4.252512572,59709,59713,6,1,8,,,,,,,,,,,,,,,,,,,,,,,,,,,,,,85415,4.706042809,85413,85418,7,-1,8,,,,,,,,,
,,59812,i,,59812,1.778452015,59812,59814,4,,8,,,,,,,,,,,,,,,,,,,,,,,,,,,,,,85466,2.754213441,85465,85468,5,-1,8,,,,,,,,,
,,60479,i,,60479,6.934699871,60475,60481,8,-1,8,,,,,,,,,,,,,,,,,,,,,,,,,,,,,,85831,6.934542071,85830,85836,8,-1,8,,,,,,,,,
,,60629,i,,60629,1.49766729,60629,60629,2,,8,,,,,,,,,,,,,,,,,,,,,,,,,,,,,,86591,5.158960017,86590,86596,8,-1,8,,,,,,,,,
,,60962,i,,60962,3.276751145,60961,60964,5,1,8,,,,,,,,,,,,,,,,,,,,,,,,,,,,,,86600,3.521522799,86599,86603,6,-1,8,,,,,,,,,
,,61363,i,,61363,0.975761427,61363,61363,2,,8,,,,,,,,,,,,,,,,,,,,,,,,,,,,,,86875,2.196294507,86874,86876,4,1,8,,,,,,,,,
,,61369,i,,61369,0.557918934,61369,61369,2,,8,,,,,,,,,,,,,,,,,,,,,,,,,,,,,,86885,4.601347597,86881,86886,7,1,8,,,,,,,,,
,,61400,i,,61400,8.396196291,61395,61401,8,-1,8,,,,,,,,,,,,,,,,,,,,,,,,,,,,,,87214,9.757288939,87209,87218,11,1,8,,,,,,,,,
,,61423,i,,61423,4.111953004,61421,61424,5,-1,8,,,,,,,,,,,,,,,,,,,,,,,,,,,,,,88349,3.276751145,88347,88350,5,1,8,,,,,,,,,
,,62897,i,,62897,0.557918934,62897,62897,2,,8,,,,,,,,,,,,,,,,,,,,,,,,,,,,,,89329,1.49766729,89329,89329,2,,8,,,,,,,,,
,,64996,i,,64996,0.662614146,64996,64996,2,,8,,,,,,,,,,,,,,,,,,,,,,,,,,,,,,89333,4.14781736,89331,89335,6,1,8,,,,,,,,,
,,65131,i,,65131,2.509441787,65130,65132,4,-1,8,,,,,,,,,,,,,,,,,,,,,,,,,,,,,,89506,8.500891502,89505,89511,8,1,8,,,,,,,,,
,,65660,i,,65660,0.557918934,65660,65660,2,,8,,,,,,,,,,,,,,,,,,,,,,,,,,,,,,89952,17.32145076,89943,89962,21,-1,8,,,,,,,,,
,,65665,i,,65665,5.472413812,65662,65668,8,-1,8,,,,,,,,,,,,,,,,,,,,,,,,,,,,,,92483,2.160281436,92483,92484,3,,8,,,,,,,,,
,,65769,i,,65769,10.03457186,65767,65775,10,1,8,,,,,,,,,,,,,,,,,,,,,,,,,,,,,,92743,6.063327142,92740,92745,7,-1,8,,,,,,,,,
,,66397,i,,66397,1.22053308,66397,66398,3,,8,,,,,,,,,,,,,,,,,,,,,,,,,,,,,,92752,2.614136999,92751,92753,4,-1,8,,,,,,,,,
,,66977,i,,66977,6.797642104,66973,66981,10,1,8,,,,,,,,,,,,,,,,,,,,,,,,,,,,,,92757,2.160281436,92757,92758,3,,8,,,,,,,,,
,,67835,i,,67835,0.557918934,67835,67835,2,,8,,,,,,,,,,,,,,,,,,,,,,,,,,,,,,92970,0.662614146,92970,92970,2,,8,,,,,,,,,
,,67843,i,,67843,5.994319675,67838,67844,8,-1,8,,,,,,,,,,,,,,,,,,,,,,,,,,,,,,92974,1.638375573,92974,92975,3,,8,,,,,,,,,
,,68467,i,,68467,0.557918934,68467,68467,2,,8,,,,,,,,,,,,,,,,,,,,,,,,,,,,,,94043,4.77456715,94040,94044,6,1,8,,,,,,,,,
,,69431,i,,69431,3.832386606,69431,69432,3,,8,,,,,,,,,,,,,,,,,,,,,,,,,,,,,,94211,3.172055933,94209,94212,5,1,8,,,,,,,,,
,,69439,i,,69439,0.975761427,69439,69439,2,,8,,,,,,,,,,,,,,,,,,,,,,,,,,,,,,94467,8.989654255,94464,94472,10,-1,8,,,,,,,,,
,,69754,i,,69754,7.736452105,69753,69761,10,1,8,,,,,,,,,,,,,,,,,,,,,,,,,,,,,,94858,5.05520316,94854,94860,8,1,8,,,,,,,,,
,,69794,i,,69794,2.160281436,69794,69795,3,,8,,,,,,,,,,,,,,,,,,,,,,,,,,,,,,95402,2.055586224,95402,95403,3,,8,,,,,,,,,
,,69834,i,,69834,3.172055933,69832,69835,5,1,8,,,,,,,,,,,,,,,,,,,,,,,,,,,,,,95685,11.74464825,95676,95688,14,-1,8,,,,,,,,,
,,69929,i,,69929,10.56061137,69922,69933,13,1,8,,,,,,,,,,,,,,,,,,,,,,,,,,,,,,95736,1.883147227,95735,95737,4,1,8,,,,,,,,,
,,71788,i,,71788,5.821880677,71785,71792,9,1,8,,,,,,,,,,,,,,,,,,,,,,,,,,,,,,95741,3.834038239,95739,95743,6,1,8,,,,,,,,,
,,71950,i,,71950,8.6454081,71944,71954,12,-1,8,,,,,,,,,,,,,,,,,,,,,,,,,,,,,,96393,2.300989719,96392,96394,4,1,8,,,,,,,,,
,,72319,i,,72319,2.786724711,72319,72320,3,,8,,,,,,,,,,,,,,,,,,,,,,,,,,,,,,96888,1.533680361,96888,96889,3,,8,,,,,,,,,
,,72323,i,,72323,2.71820037,72322,72324,4,1,8,,,,,,,,,,,,,,,,,,,,,,,,,,,,,,96918,3.208375519,96915,96919,6,-1,8,,,,,,,,,
,,73355,i,,73355,4.079441734,73354,73359,7,-1,8,,,,,,,,,,,,,,,,,,,,,,,,,,,,,,98959,6.902337316,98953,98961,10,1,8,,,,,,,,,
,,73399,i,,73399,2.300989719,73398,73400,4,-1,8,,,,,,,,,,,,,,,,,,,,,,,,,,,,,,99818,6.27223444,99815,99820,7,-1,8,,,,,,,,,
,,73416,i,,73416,3.416827587,73415,73419,6,-1,8,,,,,,,,,,,,,,,,,,,,,,,,,,,,,,99826,0.975761427,99826,99826,2,,8,,,,,,,,,
,,74834,i,,74834,8.573075444,74829,74837,10,-1,8,,,,,,,,,,,,,,,,,,,,,,,,,,,,,,99876,3.521522799,99875,99879,6,-1,8,,,,,,,,,
,,75827,i,,75827,6.550586976,75824,75828,6,-1,8,,,,,,,,,,,,,,,,,,,,,,,,,,,,,,99885,4.043428663,99882,99886,6,1,8,,,,,,,,,
,,75898,i,,75898,8.329038991,75895,75902,9,-1,8,,,,,,,,,,,,,,,,,,,,,,,,,,,,,,100496,5.3677186,100494,100500,8,1,8,,,,,,,,,
,,75908,i,,75908,2.99533458,75908,75909,3,,8,,,,,,,,,,,,,,,,,,,,,,,,,,,,,,100767,2.196294507,100766,100768,4,-1,8,,,,,,,,,
,,75916,i,,75916,3.626218011,75914,75918,6,1,8,,,,,,,,,,,,,,,,,,,,,,,,,,,,,,100774,1.533680361,100774,100775,3,,8,,,,,,,,,
,,75925,i,,75925,2.196294507,75924,75926,4,-1,8,,,,,,,,,,,,,,,,,,,,,,,,,,,,,,101783,6.621246076,101779,101785,8,-1,8,,,,,,,,,
,,76017,i,,76017,6.203552299,76014,76020,8,-1,8,,,,,,,,,,,,,,,,,,,,,,,,,,,,,,101838,3.589898426,101837,101840,5,1,8,,,,,,,,,
,,76077,i,,76077,6.866649571,76072,76079,9,1,8,,,,,,,,,,,,,,,,,,,,,,,,,,,,,,101850,5.051701359,101849,101852,5,-1,8,,,,,,,,,
,,76083,i,,76083,4.043122148,76081,76085,6,1,8,,,,,,,,,,,,,,,,,,,,,,,,,,,,,,101894,7.111727739,101893,101901,10,1,8,,,,,,,,,
,,76286,i,,76286,3.031347651,76285,76287,4,1,8,,,,,,,,,,,,,,,,,,,,,,,,,,,,,,101958,13.87154734,101948,101961,15,-1,8,,,,,,,,,
,,76290,i,,76290,4.461271155,76289,76293,6,1,8,,,,,,,,,,,,,,,,,,,,,,,,,,,,,,102815,4.809799666,102813,102818,7,1,8,,,,,,,,,
,,76411,i,,76411,0.975761427,76411,76411,2,,8,,,,,,,,,,,,,,,,,,,,,,,,,,,,,,102862,0.662614146,102862,102862,2,,8,,,,,,,,,
,,76416,i,,76416,5.08771443,76413,76417,6,-1,8,,,,,,,,,,,,,,,,,,,,,,,,,,,,,,102868,7.004442539,102864,102869,7,1,8,,,,,,,,,
,,76420,i,,76420,0.662614146,76420,76420,2,,8,,,,,,,,,,,,,,,,,,,,,,,,,,,,,,102928,12.86048612,102924,102938,16,1,8,,,,,,,,,
,,76481,i,,76481,8.223757293,76479,76486,9,-1,8,,,,,,,,,,,,,,,,,,,,,,,,,,,,,,103092,16.79819978,103085,103101,18,1,8,,,,,,,,,
,,77183,i,,77183,3.903045706,77182,77185,5,-1,8,,,,,,,,,,,,,,,,,,,,,,,,,,,,,,103139,6.516857379,103138,103144,8,-1,8,,,,,,,,,
,,77775,i,,77775,5.263961743,77770,77776,8,-1,8,,,,,,,,,,,,,,,,,,,,,,,,,,,,,,103235,1.115837869,103235,103236,3,,8,,,,,,,,,
,,77823,i,,77823,6.83000466,77821,77827,8,-1,8,,,,,,,,,,,,,,,,,,,,,,,,,,,,,,103654,9.131143093,103650,103659,11,-1,8,,,,,,,,,
,,77853,i,,77853,11.04936504,77848,77861,15,-1,8,,,,,,,,,,,,,,,,,,,,,,,,,,,,,,103720,7.528631877,103718,103726,10,-1,8,,,,,,,,,
,,79185,i,,79185,15.0929515,79179,79197,20,-1,8,,,,,,,,,,,,,,,,,,,,,,,,,,,,,,103814,7.492618806,103812,103819,9,1,8,,,,,,,,,
,,79201,i,,79201,0.975761427,79201,79201,2,,8,,,,,,,,,,,,,,,,,,,,,,,,,,,,,,103859,5.783909459,103858,103861,5,-1,8,,,,,,,,,
,,79265,i,,79265,1.325228292,79265,79266,3,,8,,,,,,,,,,,,,,,,,,,,,,,,,,,,,,104181,1.325228292,104181,104182,3,,8,,,,,,,,,
,,79354,i,,79354,0.662614146,79354,79354,2,,8,,,,,,,,,,,,,,,,,,,,,,,,,,,,,,104315,5.922767574,104312,104316,6,1,8,,,,,,,,,
,,79448,i,,79448,5.192409642,79447,79451,6,-1,8,,,,,,,,,,,,,,,,,,,,,,,,,,,,,,104524,3.416827587,104521,104525,6,-1,8,,,,,,,,,
,,79490,i,,79490,0.975761427,79490,79490,2,,8,,,,,,,,,,,,,,,,,,,,,,,,,,,,,,104835,11.84690219,104832,104841,11,-1,8,,,,,,,,,
,,79493,i,,79493,1.951522853,79493,79494,3,,8,,,,,,,,,,,,,,,,,,,,,,,,,,,,,,104875,5.472413812,104870,104876,8,-1,8,,,,,,,,,
,,79498,i,,79498,3.729974868,79496,79500,6,1,8,,,,,,,,,,,,,,,,,,,,,,,,,,,,,,104998,4.079441734,104994,104999,7,-1,8,,,,,,,,,
,,79672,i,,79672,5.822512518,79671,79678,9,-1,8,,,,,,,,,,,,,,,,,,,,,,,,,,,,,,105765,3.485509728,105764,105767,5,1,8,,,,,,,,,
,,79873,i,,79873,1.533680361,79873,79874,3,,8,,,,,,,,,,,,,,,,,,,,,,,,,,,,,,106427,10.35152746,106426,106437,13,1,8,,,,,,,,,
,,80253,i,,80253,0.975761427,80253,80253,2,,8,,,,,,,,,,,,,,,,,,,,,,,,,,,,,,106442,2.963603865,106440,106443,5,1,8,,,,,,,,,
,,80306,i,,80306,4.007109077,80305,80308,5,1,8,,,,,,,,,,,,,,,,,,,,,,,,,,,,,,107482,0.557918934,107482,107482,2,,8,,,,,,,,,
,,80312,i,,80312,6.692946892,80310,80318,10,1,8,,,,,,,,,,,,,,,,,,,,,,,,,,,,,,107941,3.939365291,107940,107944,6,-1,8,,,,,,,,,
,,80444,i,,80444,13.24644918,80437,80453,18,1,8,,,,,,,,,,,,,,,,,,,,,,,,,,,,,,107946,1.325228292,107946,107947,3,,8,,,,,,,,,
,,80586,i,,80586,0.975761427,80586,80586,2,,8,,,,,,,,,,,,,,,,,,,,,,,,,,,,,,107993,0.975761427,107993,107993,2,,8,,,,,,,,,
,,80770,i,,80770,1.49766729,80770,80770,2,,8,,,,,,,,,,,,,,,,,,,,,,,,,,,,,,108250,0.557918934,108250,108250,2,,8,,,,,,,,,
,,80774,i,,80774,2.894289883,80772,80776,6,1,8,,,,,,,,,,,,,,,,,,,,,,,,,,,,,,108471,0.557918934,108471,108471,2,,8,,,,,,,,,
,,81883,i,,81883,0.557918934,81883,81883,2,,8,,,,,,,,,,,,,,,,,,,,,,,,,,,,,,108478,5.191629087,108477,108481,6,1,8,,,,,,,,,
,,82065,i,,82065,3.031347651,82064,82066,4,1,8,,,,,,,,,,,,,,,,,,,,,,,,,,,,,,108748,0.557918934,108748,108748,2,,8,,,,,,,,,
,,82951,i,,82951,4.252512572,82950,82954,6,-1,8,,,,,,,,,,,,,,,,,,,,,,,,,,,,,,109378,7.528000036,109376,109384,10,-1,8,,,,,,,,,
,,83060,i,,83060,4.14781736,83057,83061,6,1,8,,,,,,,,,,,,,,,,,,,,,,,,,,,,,,110695,6.621552591,110694,110700,8,1,8,,,,,,,,,
,,83065,i,,83065,3.974746522,83064,83069,7,1,8,,,,,,,,,,,,,,,,,,,,,,,,,,,,,,111071,3.798657009,111070,111073,5,-1,8,,,,,,,,,
,,83190,i,,83190,2.71820037,83189,83191,4,1,8,,,,,,,,,,,,,,,,,,,,,,,,,,,,,,112933,2.160281436,112933,112934,3,,8,,,,,,,,,
,,83194,i,,83194,1.638375573,83194,83195,3,,8,,,,,,,,,,,,,,,,,,,,,,,,,,,,,,113279,3.521522799,113278,113282,6,1,8,,,,,,,,,
,,83199,i,,83199,3.83467008,83197,83201,6,1,8,,,,,,,,,,,,,,,,,,,,,,,,,,,,,,115296,2.196294507,115295,115297,4,1,8,,,,,,,,,
,,83318,i,,83318,4.774418435,83316,83320,6,-1,8,,,,,,,,,,,,,,,,,,,,,,,,,,,,,,115412,3.521522799,115410,115414,6,1,8,,,,,,,,,
,,83432,i,,83432,1.325228292,83432,83433,3,,8,,,,,,,,,,,,,,,,,,,,,,,,,,,,,,116376,12.05748902,116368,116380,14,1,8,,,,,,,,,
,,83435,i,,83435,0.975761427,83435,83435,2,,8,,,,,,,,,,,,,,,,,,,,,,,,,,,,,,116554,0.662614146,116554,116554,2,,8,,,,,,,,,
,,83667,i,,83667,2.614136999,83666,83668,4,1,8,,,,,,,,,,,,,,,,,,,,,,,,,,,,,,116556,1.638375573,116556,116557,3,,8,,,,,,,,,
,,83747,i,,83747,3.521522799,83746,83750,6,1,8,,,,,,,,,,,,,,,,,,,,,,,,,,,,,,116932,0.662614146,116932,116932,2,,8,,,,,,,,,
,,83752,i,,83752,0.975761427,83752,83752,2,,8,,,,,,,,,,,,,,,,,,,,,,,,,,,,,,117931,4.637360668,117927,117933,8,1,8,,,,,,,,,
,,85264,i,,85264,5.08771443,85262,85266,6,1,8,,,,,,,,,,,,,,,,,,,,,,,,,,,,,,118285,2.614136999,118284,118286,4,1,8,,,,,,,,,
,,85415,i,,85415,4.706042809,85413,85418,7,-1,8,,,,,,,,,,,,,,,,,,,,,,,,,,,,,,119362,11.42837292,119361,119367,8,1,8,,,,,,,,,
,,85466,i,,85466,2.754213441,85465,85468,5,-1,8,,,,,,,,,,,,,,,,,,,,,,,,,,,,,,121216,14.35497694,121211,121223,14,-1,8,,,,,,,,,
,,85831,i,,85831,6.934542071,85830,85836,8,-1,8,,,,,,,,,,,,,,,,,,,,,,,,,,,,,,121244,4.706042809,121242,121247,7,-1,8,,,,,,,,,
,,86591,i,,86591,5.158960017,86590,86596,8,-1,8,,,,,,,,,,,,,,,,,,,,,,,,,,,,,,122296,0.662614146,122296,122296,2,,8,,,,,,,,,
,,86600,i,,86600,3.521522799,86599,86603,6,-1,8,,,,,,,,,,,,,,,,,,,,,,,,,,,,,,122779,9.409495629,122775,122783,10,1,8,,,,,,,,,
,,86875,i,,86875,2.196294507,86874,86876,4,1,8,,,,,,,,,,,,,,,,,,,,,,,,,,,,,,122812,2.71820037,122811,122813,4,-1,8,,,,,,,,,
,,86885,i,,86885,4.601347597,86881,86886,7,1,8,,,,,,,,,,,,,,,,,,,,,,,,,,,,,,124028,1.987842438,124027,124029,4,1,8,,,,,,,,,
,,87214,i,,87214,9.757288939,87209,87218,11,1,8,,,,,,,,,,,,,,,,,,,,,,,,,,,,,,124148,6.099014887,124147,124153,8,1,8,,,,,,,,,
,,88349,i,,88349,3.276751145,88347,88350,5,1,8,,,,,,,,,,,,,,,,,,,,,,,,,,,,,,124226,8.155272287,124225,124230,7,-1,8,,,,,,,,,
,,89329,i,,89329,1.49766729,89329,89329,2,,8,,,,,,,,,,,,,,,,,,,,,,,,,,,,,,124242,8.918882709,124240,124246,8,1,8,,,,,,,,,
,,89333,i,,89333,4.14781736,89331,89335,6,1,8,,,,,,,,,,,,,,,,,,,,,,,,,,,,,,124312,3.312132376,124310,124314,6,1,8,,,,,,,,,
,,89506,i,,89506,8.500891502,89505,89511,8,1,8,,,,,,,,,,,,,,,,,,,,,,,,,,,,,,125073,2.473428716,125073,125074,3,,8,,,,,,,,,
,,89952,i,,89952,17.32145076,89943,89962,21,-1,8,,,,,,,,,,,,,,,,,,,,,,,,,,,,,,125247,5.366066966,125245,125248,5,-1,8,,,,,,,,,
,,92483,i,,92483,2.160281436,92483,92484,3,,8,,,,,,,,,,,,,,,,,,,,,,,,,,,,,,125471,4.392589014,125468,125473,7,-1,8,,,,,,,,,
,,92743,i,,92743,6.063327142,92740,92745,7,-1,8,,,,,,,,,,,,,,,,,,,,,,,,,,,,,,125621,7.353909405,125618,125624,8,-1,8,,,,,,,,,
,,92752,i,,92752,2.614136999,92751,92753,4,-1,8,,,,,,,,,,,,,,,,,,,,,,,,,,,,,,125955,14.49721006,125950,125963,15,1,8,,,,,,,,,
,,92757,i,,92757,2.160281436,92757,92758,3,,8,,,,,,,,,,,,,,,,,,,,,,,,,,,,,,126200,5.505556922,126198,126202,6,-1,8,,,,,,,,,
,,92970,i,,92970,0.662614146,92970,92970,2,,8,,,,,,,,,,,,,,,,,,,,,,,,,,,,,,126469,4.914494877,126468,126473,7,-1,8,,,,,,,,,
,,92974,i,,92974,1.638375573,92974,92975,3,,8,,,,,,,,,,,,,,,,,,,,,,,,,,,,,,126804,1.883147227,126803,126805,4,-1,8,,,,,,,,,
,,94043,i,,94043,4.77456715,94040,94044,6,1,8,,,,,,,,,,,,,,,,,,,,,,,,,,,,,,130295,9.999777119,130292,130299,9,1,8,,,,,,,,,
,,94211,i,,94211,3.172055933,94209,94212,5,1,8,,,,,,,,,,,,,,,,,,,,,,,,,,,,,,130303,5.577109024,130301,130307,8,1,8,,,,,,,,,
,,94467,i,,94467,8.989654255,94464,94472,10,-1,8,,,,,,,,,,,,,,,,,,,,,,,,,,,,,,130345,3.974746522,130343,130348,7,1,8,,,,,,,,,
,,94858,i,,94858,5.05520316,94854,94860,8,1,8,,,,,,,,,,,,,,,,,,,,,,,,,,,,,,130979,2.160281436,130979,130980,3,,8,,,,,,,,,
,,95402,i,,95402,2.055586224,95402,95403,3,,8,,,,,,,,,,,,,,,,,,,,,,,,,,,,,,131040,0.557918934,131040,131040,2,,8,,,,,,,,,
,,95685,i,,95685,11.74464825,95676,95688,14,-1,8,,,,,,,,,,,,,,,,,,,,,,,,,,,,,,133148,5.509365238,133143,133150,9,1,8,,,,,,,,,
,,95736,i,,95736,1.883147227,95735,95737,4,1,8,,,,,,,,,,,,,,,,,,,,,,,,,,,,,,133545,2.300989719,133544,133546,4,1,8,,,,,,,,,
,,95741,i,,95741,3.834038239,95739,95743,6,1,8,,,,,,,,,,,,,,,,,,,,,,,,,,,,,,133895,1.49766729,133895,133895,2,,8,,,,,,,,,
,,96393,i,,96393,2.300989719,96392,96394,4,1,8,,,,,,,,,,,,,,,,,,,,,,,,,,,,,,133897,2.160281436,133897,133898,3,,8,,,,,,,,,
,,96888,i,,96888,1.533680361,96888,96889,3,,8,,,,,,,,,,,,,,,,,,,,,,,,,,,,,,137113,6.657565662,137110,137117,9,-1,8,,,,,,,,,
,,96918,i,,96918,3.208375519,96915,96919,6,-1,8,,,,,,,,,,,,,,,,,,,,,,,,,,,,,,137293,4.356575943,137292,137296,6,-1,8,,,,,,,,,
,,98959,i,,98959,6.902337316,98953,98961,10,1,8,,,,,,,,,,,,,,,,,,,,,,,,,,,,,,137374,0.557918934,137374,137374,2,,8,,,,,,,,,
,,99818,i,,99818,6.27223444,99815,99820,7,-1,8,,,,,,,,,,,,,,,,,,,,,,,,,,,,,,137378,0.557918934,137378,137378,2,,8,,,,,,,,,
,,99826,i,,99826,0.975761427,99826,99826,2,,8,,,,,,,,,,,,,,,,,,,,,,,,,,,,,,139213,2.614136999,139212,139214,4,-1,8,,,,,,,,,
,,99876,i,,99876,3.521522799,99875,99879,6,-1,8,,,,,,,,,,,,,,,,,,,,,,,,,,,,,,139814,1.638375573,139814,139815,3,,8,,,,,,,,,
,,99885,i,,99885,4.043428663,99882,99886,6,1,8,,,,,,,,,,,,,,,,,,,,,,,,,,,,,,141292,5.05520316,141287,141293,8,-1,8,,,,,,,,,
,,100496,i,,100496,5.3677186,100494,100500,8,1,8,,,,,,,,,,,,,,,,,,,,,,,,,,,,,,144281,1.533680361,144281,144282,3,,8,,,,,,,,,
,,100767,i,,100767,2.196294507,100766,100768,4,-1,8,,,,,,,,,,,,,,,,,,,,,,,,,,,,,,144298,0.662614146,144298,144298,2,,8,,,,,,,,,
,,100774,i,,100774,1.533680361,100774,100775,3,,8,,,,,,,,,,,,,,,,,,,,,,,,,,,,,,145012,4.321234048,145012,145012,2,,8,,,,,,,,,
,,101783,i,,101783,6.621246076,101779,101785,8,-1,8,,,,,,,,,,,,,,,,,,,,,,,,,,,,,,145196,0.662614146,145196,145196,2,,8,,,,,,,,,
,,101838,i,,101838,3.589898426,101837,101840,5,1,8,,,,,,,,,,,,,,,,,,,,,,,,,,,,,,146850,1.49766729,146850,146850,2,,8,,,,,,,,,
,,101850,i,,101850,5.051701359,101849,101852,5,-1,8,,,,,,,,,,,,,,,,,,,,,,,,,,,,,,146882,5.818704203,146879,146883,6,-1,8,,,,,,,,,
,,101894,i,,101894,7.111727739,101893,101901,10,1,8,,,,,,,,,,,,,,,,,,,,,,,,,,,,,,147300,28.71658292,147296,147304,10,-1,8,,,,,,,,,
,,101958,i,,101958,13.87154734,101948,101961,15,-1,8,,,,,,,,,,,,,,,,,,,,,,,,,,,,,,147361,14.25043952,147357,147369,14,1,8,,,,,,,,,
,,102815,i,,102815,4.809799666,102813,102818,7,1,8,,,,,,,,,,,,,,,,,,,,,,,,,,,,,,147785,5.159898372,147781,147787,8,-1,8,,,,,,,,,
,,102862,i,,102862,0.662614146,102862,102862,2,,8,,,,,,,,,,,,,,,,,,,,,,,,,,,,,,147900,3.521522799,147898,147902,6,1,8,,,,,,,,,
,,102868,i,,102868,7.004442539,102864,102869,7,1,8,,,,,,,,,,,,,,,,,,,,,,,,,,,,,,148566,4.773786595,148564,148568,6,1,8,,,,,,,,,
,,102928,i,,102928,12.86048612,102924,102938,16,1,8,,,,,,,,,,,,,,,,,,,,,,,,,,,,,,148733,1.533680361,148733,148734,3,,8,,,,,,,,,
,,103092,i,,103092,16.79819978,103085,103101,18,1,8,,,,,,,,,,,,,,,,,,,,,,,,,,,,,,148741,2.509441787,148740,148742,4,1,8,,,,,,,,,
,,103139,i,,103139,6.516857379,103138,103144,8,-1,8,,,,,,,,,,,,,,,,,,,,,,,,,,,,,,151082,7.074776313,151081,151088,9,-1,8,,,,,,,,,
,,103235,i,,103235,1.115837869,103235,103236,3,,8,,,,,,,,,,,,,,,,,,,,,,,,,,,,,,151484,4.529014941,151483,151486,5,1,8,,,,,,,,,
,,103654,i,,103654,9.131143093,103650,103659,11,-1,8,,,,,,,,,,,,,,,,,,,,,,,,,,,,,,151488,1.49766729,151488,151488,2,,8,,,,,,,,,
,,103720,i,,103720,7.528631877,103718,103726,10,-1,8,,,,,,,,,,,,,,,,,,,,,,,,,,,,,,151833,5.786499447,151832,151838,8,-1,8,,,,,,,,,
,,103814,i,,103814,7.492618806,103812,103819,9,1,8,,,,,,,,,,,,,,,,,,,,,,,,,,,,,,152105,0.662614146,152105,152105,2,,8,,,,,,,,,
,,103859,i,,103859,5.783909459,103858,103861,5,-1,8,,,,,,,,,,,,,,,,,,,,,,,,,,,,,,155237,5.263655229,155232,155238,8,-1,8,,,,,,,,,
,,104181,i,,104181,1.325228292,104181,104182,3,,8,,,,,,,,,,,,,,,,,,,,,,,,,,,,,,155554,2.228805777,155554,155554,2,,8,,,,,,,,,
,,104315,i,,104315,5.922767574,104312,104316,6,1,8,,,,,,,,,,,,,,,,,,,,,,,,,,,,,,156618,10.07376141,156612,156624,14,1,8,,,,,,,,,
,,104524,i,,104524,3.416827587,104521,104525,6,-1,8,,,,,,,,,,,,,,,,,,,,,,,,,,,,,,156780,1.638375573,156780,156781,3,,8,,,,,,,,,
,,104835,i,,104835,11.84690219,104832,104841,11,-1,8,,,,,,,,,,,,,,,,,,,,,,,,,,,,,,156784,6.344418381,156783,156790,9,-1,8,,,,,,,,,
,,104875,i,,104875,5.472413812,104870,104876,8,-1,8,,,,,,,,,,,,,,,,,,,,,,,,,,,,,,161615,1.49766729,161615,161615,2,,8,,,,,,,,,
,,104998,i,,104998,4.079441734,104994,104999,7,-1,8,,,,,,,,,,,,,,,,,,,,,,,,,,,,,,170322,7.003224212,170319,170324,7,1,8,,,,,,,,,
,,105765,i,,105765,3.485509728,105764,105767,5,1,8,,,,,,,,,,,,,,,,,,,,,,,,,,,,,,176581,1.638375573,176581,176582,3,,8,,,,,,,,,
,,106427,i,,106427,10.35152746,106426,106437,13,1,8,,,,,,,,,,,,,,,,,,,,,,,,,,,,,,178057,0.975761427,178057,178057,2,,8,,,,,,,,,
,,106442,i,,106442,2.963603865,106440,106443,5,1,8,,,,,,,,,,,,,,,,,,,,,,,,,,,,,,,,,,,,,,,,,,,,,
,,107482,i,,107482,0.557918934,107482,107482,2,,8,,,,,,,,,,,,,,,,,,,,,,,,,,,,,,,,,,,,,,,,,,,,,
,,107941,i,,107941,3.939365291,107940,107944,6,-1,8,,,,,,,,,,,,,,,,,,,,,,,,,,,,,,,,,,,,,,,,,,,,,
,,107946,i,,107946,1.325228292,107946,107947,3,,8,,,,,,,,,,,,,,,,,,,,,,,,,,,,,,,,,,,,,,,,,,,,,
,,107993,i,,107993,0.975761427,107993,107993,2,,8,,,,,,,,,,,,,,,,,,,,,,,,,,,,,,,,,,,,,,,,,,,,,
,,108250,i,,108250,0.557918934,108250,108250,2,,8,,,,,,,,,,,,,,,,,,,,,,,,,,,,,,,,,,,,,,,,,,,,,
,,108471,i,,108471,0.557918934,108471,108471,2,,8,,,,,,,,,,,,,,,,,,,,,,,,,,,,,,,,,,,,,,,,,,,,,
,,108478,i,,108478,5.191629087,108477,108481,6,1,8,,,,,,,,,,,,,,,,,,,,,,,,,,,,,,,,,,,,,,,,,,,,,
,,108748,i,,108748,0.557918934,108748,108748,2,,8,,,,,,,,,,,,,,,,,,,,,,,,,,,,,,,,,,,,,,,,,,,,,
,,109378,i,,109378,7.528000036,109376,109384,10,-1,8,,,,,,,,,,,,,,,,,,,,,,,,,,,,,,,,,,,,,,,,,,,,,
,,110695,i,,110695,6.621552591,110694,110700,8,1,8,,,,,,,,,,,,,,,,,,,,,,,,,,,,,,,,,,,,,,,,,,,,,
,,111071,i,,111071,3.798657009,111070,111073,5,-1,8,,,,,,,,,,,,,,,,,,,,,,,,,,,,,,,,,,,,,,,,,,,,,
,,112933,i,,112933,2.160281436,112933,112934,3,,8,,,,,,,,,,,,,,,,,,,,,,,,,,,,,,,,,,,,,,,,,,,,,
,,113279,i,,113279,3.521522799,113278,113282,6,1,8,,,,,,,,,,,,,,,,,,,,,,,,,,,,,,,,,,,,,,,,,,,,,
,,115296,i,,115296,2.196294507,115295,115297,4,1,8,,,,,,,,,,,,,,,,,,,,,,,,,,,,,,,,,,,,,,,,,,,,,
,,115412,i,,115412,3.521522799,115410,115414,6,1,8,,,,,,,,,,,,,,,,,,,,,,,,,,,,,,,,,,,,,,,,,,,,,
,,116376,i,,116376,12.05748902,116368,116380,14,1,8,,,,,,,,,,,,,,,,,,,,,,,,,,,,,,,,,,,,,,,,,,,,,
,,116554,i,,116554,0.662614146,116554,116554,2,,8,,,,,,,,,,,,,,,,,,,,,,,,,,,,,,,,,,,,,,,,,,,,,
,,116556,i,,116556,1.638375573,116556,116557,3,,8,,,,,,,,,,,,,,,,,,,,,,,,,,,,,,,,,,,,,,,,,,,,,
,,116932,i,,116932,0.662614146,116932,116932,2,,8,,,,,,,,,,,,,,,,,,,,,,,,,,,,,,,,,,,,,,,,,,,,,
,,117931,i,,117931,4.637360668,117927,117933,8,1,8,,,,,,,,,,,,,,,,,,,,,,,,,,,,,,,,,,,,,,,,,,,,,
,,118285,i,,118285,2.614136999,118284,118286,4,1,8,,,,,,,,,,,,,,,,,,,,,,,,,,,,,,,,,,,,,,,,,,,,,
,,119362,i,,119362,11.42837292,119361,119367,8,1,8,,,,,,,,,,,,,,,,,,,,,,,,,,,,,,,,,,,,,,,,,,,,,
,,121216,i,,121216,14.35497694,121211,121223,14,-1,8,,,,,,,,,,,,,,,,,,,,,,,,,,,,,,,,,,,,,,,,,,,,,
,,121244,i,,121244,4.706042809,121242,121247,7,-1,8,,,,,,,,,,,,,,,,,,,,,,,,,,,,,,,,,,,,,,,,,,,,,
,,122296,i,,122296,0.662614146,122296,122296,2,,8,,,,,,,,,,,,,,,,,,,,,,,,,,,,,,,,,,,,,,,,,,,,,
,,122779,i,,122779,9.409495629,122775,122783,10,1,8,,,,,,,,,,,,,,,,,,,,,,,,,,,,,,,,,,,,,,,,,,,,,
,,122812,i,,122812,2.71820037,122811,122813,4,-1,8,,,,,,,,,,,,,,,,,,,,,,,,,,,,,,,,,,,,,,,,,,,,,
,,124028,i,,124028,1.987842438,124027,124029,4,1,8,,,,,,,,,,,,,,,,,,,,,,,,,,,,,,,,,,,,,,,,,,,,,
,,124148,i,,124148,6.099014887,124147,124153,8,1,8,,,,,,,,,,,,,,,,,,,,,,,,,,,,,,,,,,,,,,,,,,,,,
,,124226,i,,124226,8.155272287,124225,124230,7,-1,8,,,,,,,,,,,,,,,,,,,,,,,,,,,,,,,,,,,,,,,,,,,,,
,,124242,i,,124242,8.918882709,124240,124246,8,1,8,,,,,,,,,,,,,,,,,,,,,,,,,,,,,,,,,,,,,,,,,,,,,
,,124312,i,,124312,3.312132376,124310,124314,6,1,8,,,,,,,,,,,,,,,,,,,,,,,,,,,,,,,,,,,,,,,,,,,,,
,,125073,i,,125073,2.473428716,125073,125074,3,,8,,,,,,,,,,,,,,,,,,,,,,,,,,,,,,,,,,,,,,,,,,,,,
,,125247,i,,125247,5.366066966,125245,125248,5,-1,8,,,,,,,,,,,,,,,,,,,,,,,,,,,,,,,,,,,,,,,,,,,,,
,,125471,i,,125471,4.392589014,125468,125473,7,-1,8,,,,,,,,,,,,,,,,,,,,,,,,,,,,,,,,,,,,,,,,,,,,,
,,125621,i,,125621,7.353909405,125618,125624,8,-1,8,,,,,,,,,,,,,,,,,,,,,,,,,,,,,,,,,,,,,,,,,,,,,
,,125955,i,,125955,14.49721006,125950,125963,15,1,8,,,,,,,,,,,,,,,,,,,,,,,,,,,,,,,,,,,,,,,,,,,,,
,,126200,i,,126200,5.505556922,126198,126202,6,-1,8,,,,,,,,,,,,,,,,,,,,,,,,,,,,,,,,,,,,,,,,,,,,,
,,126469,i,,126469,4.914494877,126468,126473,7,-1,8,,,,,,,,,,,,,,,,,,,,,,,,,,,,,,,,,,,,,,,,,,,,,
,,126804,i,,126804,1.883147227,126803,126805,4,-1,8,,,,,,,,,,,,,,,,,,,,,,,,,,,,,,,,,,,,,,,,,,,,,
,,128436,E,,128436,21.77528501,128431,128446,17,1,4,,,,,,,,,,,,,,,,,,,,,,,,,,,,,,,,,,,,,,,,,,,,,
,,128480,P,,128480,1.49766729,128480,128480,2,,7,,,,,,,,,,,,,,,,,,,,,,,,,,,,,,,,,,,,,,,,,,,,,
,,128483,P,,128483,0.975761427,128483,128483,2,,7,,,,,,,,,,,,,,,,,,,,,,,,,,,,,,,,,,,,,,,,,,,,,
,,128494,P,,128494,0.557918934,128494,128494,2,,7,,,,,,,,,,,,,,,,,,,,,,,,,,,,,,,,,,,,,,,,,,,,,
,,128506,P,,128506,3.693961797,128505,128508,5,1,7,,,,,,,,,,,,,,,,,,,,,,,,,,,,,,,,,,,,,,,,,,,,,
,,128539,P,,128539,10.17908846,128537,128549,14,1,7,,,,,,,,,,,,,,,,,,,,,,,,,,,,,,,,,,,,,,,,,,,,,
,,128568,R,,128568,149.2952373,128563,128571,10,-1,3,,,,,,,,,,,,,,,,,,,,,,,,,,,,,,,,,,,,,,,,,,,,,
,,128581,r,,128581,2.196294507,128580,128582,4,1,5,,,,,,,,,,,,,,,,,,,,,,,,,,,,,,,,,,,,,,,,,,,,,
,,130295,i,,130295,9.999777119,130292,130299,9,1,8,,,,,,,,,,,,,,,,,,,,,,,,,,,,,,,,,,,,,,,,,,,,,
,,130303,i,,130303,5.577109024,130301,130307,8,1,8,,,,,,,,,,,,,,,,,,,,,,,,,,,,,,,,,,,,,,,,,,,,,
,,130345,i,,130345,3.974746522,130343,130348,7,1,8,,,,,,,,,,,,,,,,,,,,,,,,,,,,,,,,,,,,,,,,,,,,,
,,130979,i,,130979,2.160281436,130979,130980,3,,8,,,,,,,,,,,,,,,,,,,,,,,,,,,,,,,,,,,,,,,,,,,,,
,,131040,i,,131040,0.557918934,131040,131040,2,,8,,,,,,,,,,,,,,,,,,,,,,,,,,,,,,,,,,,,,,,,,,,,,
,,133148,i,,133148,5.509365238,133143,133150,9,1,8,,,,,,,,,,,,,,,,,,,,,,,,,,,,,,,,,,,,,,,,,,,,,
,,133545,i,,133545,2.300989719,133544,133546,4,1,8,,,,,,,,,,,,,,,,,,,,,,,,,,,,,,,,,,,,,,,,,,,,,
,,133895,i,,133895,1.49766729,133895,133895,2,,8,,,,,,,,,,,,,,,,,,,,,,,,,,,,,,,,,,,,,,,,,,,,,
,,133897,i,,133897,2.160281436,133897,133898,3,,8,,,,,,,,,,,,,,,,,,,,,,,,,,,,,,,,,,,,,,,,,,,,,
,,137113,i,,137113,6.657565662,137110,137117,9,-1,8,,,,,,,,,,,,,,,,,,,,,,,,,,,,,,,,,,,,,,,,,,,,,
,,137293,i,,137293,4.356575943,137292,137296,6,-1,8,,,,,,,,,,,,,,,,,,,,,,,,,,,,,,,,,,,,,,,,,,,,,
,,137374,i,,137374,0.557918934,137374,137374,2,,8,,,,,,,,,,,,,,,,,,,,,,,,,,,,,,,,,,,,,,,,,,,,,
,,137378,i,,137378,0.557918934,137378,137378,2,,8,,,,,,,,,,,,,,,,,,,,,,,,,,,,,,,,,,,,,,,,,,,,,
,,139213,i,,139213,2.614136999,139212,139214,4,-1,8,,,,,,,,,,,,,,,,,,,,,,,,,,,,,,,,,,,,,,,,,,,,,
,,139814,i,,139814,1.638375573,139814,139815,3,,8,,,,,,,,,,,,,,,,,,,,,,,,,,,,,,,,,,,,,,,,,,,,,
,,141292,i,,141292,5.05520316,141287,141293,8,-1,8,,,,,,,,,,,,,,,,,,,,,,,,,,,,,,,,,,,,,,,,,,,,,
,,144281,i,,144281,1.533680361,144281,144282,3,,8,,,,,,,,,,,,,,,,,,,,,,,,,,,,,,,,,,,,,,,,,,,,,
,,144298,i,,144298,0.662614146,144298,144298,2,,8,,,,,,,,,,,,,,,,,,,,,,,,,,,,,,,,,,,,,,,,,,,,,
,,145012,i,,145012,4.321234048,145012,145012,2,,8,,,,,,,,,,,,,,,,,,,,,,,,,,,,,,,,,,,,,,,,,,,,,
,,145196,i,,145196,0.662614146,145196,145196,2,,8,,,,,,,,,,,,,,,,,,,,,,,,,,,,,,,,,,,,,,,,,,,,,
,,146850,i,,146850,1.49766729,146850,146850,2,,8,,,,,,,,,,,,,,,,,,,,,,,,,,,,,,,,,,,,,,,,,,,,,
,,146882,i,,146882,5.818704203,146879,146883,6,-1,8,,,,,,,,,,,,,,,,,,,,,,,,,,,,,,,,,,,,,,,,,,,,,
,,147300,i,,147300,28.71658292,147296,147304,10,-1,8,,,,,,,,,,,,,,,,,,,,,,,,,,,,,,,,,,,,,,,,,,,,,
,,147361,i,,147361,14.25043952,147357,147369,14,1,8,,,,,,,,,,,,,,,,,,,,,,,,,,,,,,,,,,,,,,,,,,,,,
,,147785,i,,147785,5.159898372,147781,147787,8,-1,8,,,,,,,,,,,,,,,,,,,,,,,,,,,,,,,,,,,,,,,,,,,,,
,,147900,i,,147900,3.521522799,147898,147902,6,1,8,,,,,,,,,,,,,,,,,,,,,,,,,,,,,,,,,,,,,,,,,,,,,
,,148566,i,,148566,4.773786595,148564,148568,6,1,8,,,,,,,,,,,,,,,,,,,,,,,,,,,,,,,,,,,,,,,,,,,,,
,,148733,i,,148733,1.533680361,148733,148734,3,,8,,,,,,,,,,,,,,,,,,,,,,,,,,,,,,,,,,,,,,,,,,,,,
,,148741,i,,148741,2.509441787,148740,148742,4,1,8,,,,,,,,,,,,,,,,,,,,,,,,,,,,,,,,,,,,,,,,,,,,,
,,151082,i,,151082,7.074776313,151081,151088,9,-1,8,,,,,,,,,,,,,,,,,,,,,,,,,,,,,,,,,,,,,,,,,,,,,
,,151484,i,,151484,4.529014941,151483,151486,5,1,8,,,,,,,,,,,,,,,,,,,,,,,,,,,,,,,,,,,,,,,,,,,,,
,,151488,i,,151488,1.49766729,151488,151488,2,,8,,,,,,,,,,,,,,,,,,,,,,,,,,,,,,,,,,,,,,,,,,,,,
,,151833,i,,151833,5.786499447,151832,151838,8,-1,8,,,,,,,,,,,,,,,,,,,,,,,,,,,,,,,,,,,,,,,,,,,,,
,,152105,i,,152105,0.662614146,152105,152105,2,,8,,,,,,,,,,,,,,,,,,,,,,,,,,,,,,,,,,,,,,,,,,,,,
,,155237,i,,155237,5.263655229,155232,155238,8,-1,8,,,,,,,,,,,,,,,,,,,,,,,,,,,,,,,,,,,,,,,,,,,,,
,,155554,i,,155554,2.228805777,155554,155554,2,,8,,,,,,,,,,,,,,,,,,,,,,,,,,,,,,,,,,,,,,,,,,,,,
,,156618,i,,156618,10.07376141,156612,156624,14,1,8,,,,,,,,,,,,,,,,,,,,,,,,,,,,,,,,,,,,,,,,,,,,,
,,156780,i,,156780,1.638375573,156780,156781,3,,8,,,,,,,,,,,,,,,,,,,,,,,,,,,,,,,,,,,,,,,,,,,,,
,,156784,i,,156784,6.344418381,156783,156790,9,-1,8,,,,,,,,,,,,,,,,,,,,,,,,,,,,,,,,,,,,,,,,,,,,,
,,156810,e,,156810,2.228805777,156810,156810,2,,6,,,,,,,,,,,,,,,,,,,,,,,,,,,,,,,,,,,,,,,,,,,,,
,,156822,E,,156822,28.99250593,156811,156835,26,1,4,,,,,,,,,,,,,,,,,,,,,,,,,,,,,,,,,,,,,,,,,,,,,
,,156847,P,,156847,7.594872744,156845,156849,6,-1,7,,,,,,,,,,,,,,,,,,,,,,,,,,,,,,,,,,,,,,,,,,,,,
,,156906,P,,156906,10.94195766,156901,156911,12,-1,7,,,,,,,,,,,,,,,,,,,,,,,,,,,,,,,,,,,,,,,,,,,,,
,,156913,P,,156913,0.557918934,156913,156913,2,,7,,,,,,,,,,,,,,,,,,,,,,,,,,,,,,,,,,,,,,,,,,,,,
,,156972,P,,156972,1.49766729,156972,156972,2,,7,,,,,,,,,,,,,,,,,,,,,,,,,,,,,,,,,,,,,,,,,,,,,
,,156984,R,,156984,100.9305377,156979,156986,9,-1,3,,,,,,,,,,,,,,,,,,,,,,,,,,,,,,,,,,,,,,,,,,,,,
,,156988,r,,156988,3.380814517,156987,156990,5,1,5,,,,,,,,,,,,,,,,,,,,,,,,,,,,,,,,,,,,,,,,,,,,,
,,161615,i,,161615,1.49766729,161615,161615,2,,8,,,,,,,,,,,,,,,,,,,,,,,,,,,,,,,,,,,,,,,,,,,,,
,,170322,i,,170322,7.003224212,170319,170324,7,1,8,,,,,,,,,,,,,,,,,,,,,,,,,,,,,,,,,,,,,,,,,,,,,
,,176581,i,,176581,1.638375573,176581,176582,3,,8,,,,,,,,,,,,,,,,,,,,,,,,,,,,,,,,,,,,,,,,,,,,,
,,178057,i,,178057,0.975761427,178057,178057,2,,8,,,,,,,,,,,,,,,,,,,,,,,,,,,,,,,,,,,,,,,,,,,,,