mutant serotonin 005 H2O2 0.abf,,,,,,,,,,,,,,,,,,,,,,,,,,,,,,,,,,,,,,,,,,,,,,,,,,,,,,,,
Sample_Rate,,Peaks,Annot,,loc,sumP,begin,term,length,sign,class,,,R_loc,R_sumP,R_length,E_loc,E_sumP,E_length,r2_loc,r2_sumP,r2_length,e1_loc,e1_sumP,e1_length,numIPSP,sumIPSP,numEPSP,sumEPSP,,,IPSP_loc,IPSP_sumP,IPSP_begin,IPSP_term,IPSP_length,IPSP_sign,IPSP_class,,,EPSP_loc,EPSP_sumP,EPSP_begin,EPSP_term,EPSP_length,EPSP_sign,EPSP_class,,,,spkName,label,R,G,B,classID
1000,,917,E,,917,323.9446976,915,921,8,1,4,,,1112,-1104.84115,5,917,323.9447021,8,0,0,0,0,0,0,0,0,0,0,,,0,0,0,0,0,0,0,,,0,0,0,0,0,0,0,,,,unclassified,,0.5,0.5,0.5,1
,,1112,R,,1112,1104.84115,1110,1113,5,-1,3,,,1643,-1023.903429,6,1457,162.117691,9,0,0,0,0,0,0,0,0,0,0,,,,,,,,,,,,,,,,,,,,,,pump,,0,0,1,2
,,1457,E,,1457,162.1176939,1454,1461,9,1,4,,,2422,-1105.041434,5,2240,338.6547852,9,0,0,0,0,0,0,0,0,0,0,,,,,,,,,,,,,,,,,,,,,,R,R,0,1,0,3
,,1643,R,,1643,1023.903429,1641,1645,6,-1,3,,,2677,-539.034519,4,2575,178.1196899,6,0,0,0,0,0,0,0,0,0,0,,,,,,,,,,,,,,,,,,,,,,E,E,1,0,0,4
,,2240,E,,2240,338.6547961,2238,2245,9,1,4,,,3079,-819.8879644,6,2891,311.2969666,8,0,0,0,0,0,0,0,0,0,0,,,,,,,,,,,,,,,,,,,,,,r2,r,1,1,0,5
,,2422,R,,2422,1105.041434,2420,2423,5,-1,3,,,3413,-879.264033,6,3227,242.6110382,8,0,0,0,0,0,0,0,0,0,0,,,,,,,,,,,,,,,,,,,,,,e1,e,1,0,1,6
,,2575,E,,2575,178.1196936,2573,2577,6,1,4,,,3728,-786.7639457,6,3567,234.6436462,8,0,0,0,0,0,0,0,0,0,0,,,,,,,,,,,,,,,,,,,,,,IPSP,P,0,1,1,7
,,2677,R,,2677,539.034519,2676,2678,4,-1,3,,,4038,-704.6295256,5,3882,246.9994659,9,0,0,0,0,0,0,0,0,0,0,,,,,,,,,,,,,,,,,,,,,,EPSP,i,1,0.8,0,8
,,2891,E,,2891,311.2969717,2888,2894,8,1,4,,,4354,-714.4825428,5,4190,232.5557556,10,0,0,0,0,0,0,0,0,0,0,,,,,,,,,,,,,,,,,,,,,,,,,,,
,,3079,R,,3079,819.8879644,3077,3081,6,-1,3,,,5075,-915.9011507,5,4905,147.8513489,13,0,0,0,0,0,0,0,0,0,0,,,,,,,,,,,,,,,,,,,,,,,,,,,
,,3227,E,,3227,242.6110395,3225,3231,8,1,4,,,5398,-987.5865021,5,5237,301.7463684,13,0,0,0,0,0,0,0,0,0,0,,,,,,,,,,,,,,,,,,,,,,,,,,,
,,3413,R,,3413,879.264033,3411,3415,6,-1,3,,,5889,-870.5108954,5,5728,290.1556702,9,0,0,0,0,0,0,0,0,0,0,,,,,,,,,,,,,,,,,,,,,,,,,,,
,,3567,E,,3567,234.6436482,3565,3571,8,1,4,,,6195,-669.2963905,4,6037,330.143219,11,0,0,0,0,0,0,0,0,0,0,,,,,,,,,,,,,,,,,,,,,,,,,,,
,,3728,R,,3728,786.7639457,3726,3730,6,-1,3,,,6502,-647.786797,4,6354,295.0312195,14,0,0,0,0,0,0,0,0,0,0,,,,,,,,,,,,,,,,,,,,,,,,,,,
,,3882,E,,3882,246.9994627,3879,3886,9,1,4,,,7409,-841.9717579,5,7230,311.2182312,6,0,0,0,0,0,0,0,0,0,0,,,,,,,,,,,,,,,,,,,,,,,,,,,
,,4038,R,,4038,704.6295256,4036,4039,5,-1,3,,,8156,-918.9436892,5,7989,139.6457367,7,0,0,0,0,0,0,0,0,0,0,,,,,,,,,,,,,,,,,,,,,,,,,,,
,,4190,E,,4190,232.5557533,4187,4195,10,1,4,,,8588,-799.6150628,5,8410,253.0541229,8,0,0,0,0,0,0,0,0,0,0,,,,,,,,,,,,,,,,,,,,,,,,,,,
,,4354,R,,4354,714.4825428,4352,4355,5,-1,3,,,8950,-680.3620116,4,8785,179.3942108,10,0,0,0,0,0,0,0,0,0,0,,,,,,,,,,,,,,,,,,,,,,,,,,,
,,4905,E,,4905,147.8513548,4901,4912,13,1,4,,,10042,-933.3832615,5,9856,222.9783478,8,0,0,0,0,0,0,0,0,0,0,,,,,,,,,,,,,,,,,,,,,,,,,,,
,,5075,R,,5075,915.9011507,5073,5076,5,-1,3,,,10438,-851.8901399,5,10254,297.6584167,9,0,0,0,0,0,0,0,0,0,0,,,,,,,,,,,,,,,,,,,,,,,,,,,
,,5237,E,,5237,301.7463686,5230,5241,13,1,4,,,10791,-660.5311277,4,10627,254.2663727,9,0,0,0,0,0,0,0,0,0,0,,,,,,,,,,,,,,,,,,,,,,,,,,,
,,5398,R,,5398,987.5865021,5396,5399,5,-1,3,,,11100,-704.4758228,5,10946,197.1275177,7,0,0,0,0,0,0,0,0,0,0,,,,,,,,,,,,,,,,,,,,,,,,,,,
,,5728,E,,5728,290.1556634,5726,5733,9,1,4,,,12099,-986.9941506,6,11916,204.2705994,8,0,0,0,0,0,0,0,0,0,0,,,,,,,,,,,,,,,,,,,,,,,,,,,
,,5889,R,,5889,870.5108954,5887,5890,5,-1,3,,,12467,-804.7366132,5,12292,293.2327271,9,0,0,0,0,0,0,0,0,0,0,,,,,,,,,,,,,,,,,,,,,,,,,,,
,,6027,E,,6027,21.88778827,6026,6028,4,1,4,,,13077,-803.7815812,4,12914,293.4889832,10,0,0,0,0,0,0,0,0,0,0,,,,,,,,,,,,,,,,,,,,,,,,,,,
,,6037,E,,6037,330.1432269,6034,6043,11,1,4,,,13448,-718.7641195,5,13279,189.2787781,10,0,0,0,0,0,0,0,0,0,0,,,,,,,,,,,,,,,,,,,,,,,,,,,
,,6195,R,,6195,669.2963905,6194,6196,4,-1,3,,,14149,-989.9590762,6,13986,182.8348236,8,0,0,0,0,0,0,0,0,0,0,,,,,,,,,,,,,,,,,,,,,,,,,,,
,,6337,E,,6337,4.64751155,6337,6338,3,,4,,,14497,-793.0236041,5,14336,293.9046021,9,0,0,0,0,0,0,0,0,0,0,,,,,,,,,,,,,,,,,,,,,,,,,,,
,,6354,E,,6354,295.0312252,6350,6362,14,1,4,,,14845,-842.0042862,5,14685,244.8911743,8,0,0,0,0,0,0,0,0,0,0,,,,,,,,,,,,,,,,,,,,,,,,,,,
,,6502,R,,6502,647.786797,6501,6503,4,-1,3,,,15190,-684.1361454,5,15024,122.0667038,7,0,0,0,0,0,0,0,0,0,0,,,,,,,,,,,,,,,,,,,,,,,,,,,
,,7230,E,,7230,311.2182167,7228,7232,6,1,4,,,16243,-977.8270538,5,16059,176.7812042,6,0,0,0,0,0,0,0,0,0,0,,,,,,,,,,,,,,,,,,,,,,,,,,,
,,7409,R,,7409,841.9717579,7407,7410,5,-1,3,,,16571,-790.6827844,5,16401,74.40763855,5,0,0,0,0,0,0,0,0,0,0,,,,,,,,,,,,,,,,,,,,,,,,,,,
,,7989,E,,7989,139.6457362,7987,7992,7,1,4,,,16914,-666.0066555,5,16738,178.8084717,7,0,0,0,0,0,0,0,0,0,0,,,,,,,,,,,,,,,,,,,,,,,,,,,
,,8156,R,,8156,918.9436892,8154,8157,5,-1,3,,,17225,-768.6423575,5,17068,154.1103363,7,0,0,0,0,0,0,0,0,0,0,,,,,,,,,,,,,,,,,,,,,,,,,,,
,,8410,E,,8410,253.054127,8408,8414,8,1,4,,,17449,-210.4622598,4,17391,234.4911194,8,0,0,0,0,0,0,0,0,0,0,,,,,,,,,,,,,,,,,,,,,,,,,,,
,,8588,R,,8588,799.6150628,8586,8589,5,-1,3,,,18152,-978.119431,6,17981,155.2574158,7,0,0,0,0,0,0,0,0,0,0,,,,,,,,,,,,,,,,,,,,,,,,,,,
,,8785,E,,8785,179.3942062,8782,8790,10,1,4,,,18494,-969.3220518,6,18331,239.2042694,7,0,0,0,0,0,0,0,0,0,0,,,,,,,,,,,,,,,,,,,,,,,,,,,
,,8950,R,,8950,680.3620116,8949,8951,4,-1,3,,,19351,-939.0966285,6,19169,273.3847961,6,0,0,0,0,0,0,0,0,0,0,,,,,,,,,,,,,,,,,,,,,,,,,,,
,,9856,E,,9856,222.978348,9854,9860,8,1,4,,,19720,-1033.843613,7,19541,261.5647583,8,0,0,0,0,0,0,0,0,0,0,,,,,,,,,,,,,,,,,,,,,,,,,,,
,,10042,R,,10042,933.3832615,10040,10043,5,-1,3,,,20480,-1069.122276,8,20303,225.3510132,7,0,0,0,0,0,0,0,0,0,0,,,,,,,,,,,,,,,,,,,,,,,,,,,
,,10254,E,,10254,297.6584305,10251,10258,9,1,4,,,21075,-1023.243993,5,20900,303.1075745,9,0,0,0,0,0,0,0,0,0,0,,,,,,,,,,,,,,,,,,,,,,,,,,,
,,10438,R,,10438,851.8901399,10436,10439,5,-1,3,,,21458,-948.0444274,6,21286,341.905304,9,0,0,0,0,0,0,0,0,0,0,,,,,,,,,,,,,,,,,,,,,,,,,,,
,,10627,E,,10627,254.2663728,10624,10631,9,1,4,,,21777,-635.4555058,4,21610,285.1778564,9,0,0,0,0,0,0,0,0,0,0,,,,,,,,,,,,,,,,,,,,,,,,,,,
,,10791,R,,10791,660.5311277,10790,10792,4,-1,3,,,22089,-680.0665019,4,21935,397.4010315,16,0,0,0,0,0,0,0,0,0,0,,,,,,,,,,,,,,,,,,,,,,,,,,,
,,10946,E,,10946,197.1275236,10944,10949,7,1,4,,,22918,-776.8234889,4,22749,420.8161316,8,0,0,0,0,0,0,0,0,0,0,,,,,,,,,,,,,,,,,,,,,,,,,,,
,,11100,R,,11100,704.4758228,11098,11101,5,-1,3,,,23659,-670.4673021,4,23477,139.6437683,7,0,0,0,0,0,0,0,0,0,0,,,,,,,,,,,,,,,,,,,,,,,,,,,
,,11916,E,,11916,204.2705934,11914,11920,8,1,4,,,24063,-828.3382333,5,23888,226.084549,8,0,0,0,0,0,0,0,0,0,0,,,,,,,,,,,,,,,,,,,,,,,,,,,
,,12099,R,,12099,986.9941506,12097,12101,6,-1,3,,,24402,-679.8135514,4,24244,160.7497406,7,0,0,0,0,0,0,0,0,0,0,,,,,,,,,,,,,,,,,,,,,,,,,,,
,,12292,E,,12292,293.2327185,12289,12296,9,1,4,,,24725,-607.7650553,4,24564,232.3041687,8,0,0,0,0,0,0,0,0,0,0,,,,,,,,,,,,,,,,,,,,,,,,,,,
,,12467,R,,12467,804.7366132,12465,12468,5,-1,3,,,25048,-614.5544517,4,24886,249.6256256,8,0,0,0,0,0,0,0,0,0,0,,,,,,,,,,,,,,,,,,,,,,,,,,,
,,12914,E,,12914,293.4889924,12911,12919,10,1,4,,,26097,-716.9774203,4,25925,285.2726746,9,0,0,0,0,0,0,0,0,0,0,,,,,,,,,,,,,,,,,,,,,,,,,,,
,,13077,R,,13077,803.7815812,13076,13078,4,-1,3,,,26773,-1045.586714,5,26593,214.5623016,8,0,0,0,0,0,0,0,0,0,0,,,,,,,,,,,,,,,,,,,,,,,,,,,
,,13279,E,,13279,189.2787787,13276,13284,10,1,4,,,27317,-722.9623187,5,27140,140.8462677,6,0,0,0,0,0,0,0,0,0,0,,,,,,,,,,,,,,,,,,,,,,,,,,,
,,13448,R,,13448,718.7641195,13447,13450,5,-1,3,,,29492,-758.660152,5,29266,166.6445313,6,0,0,0,0,0,0,0,0,0,0,,,,,,,,,,,,,,,,,,,,,,,,,,,
,,13986,E,,13986,182.8348265,13984,13990,8,1,4,,,29743,-650.2055171,5,29656,52.42331696,5,0,0,0,0,0,0,0,0,0,0,,,,,,,,,,,,,,,,,,,,,,,,,,,
,,14149,R,,14149,989.9590762,14147,14151,6,-1,3,,,30563,-979.5410659,7,30352,117.900383,6,0,0,0,0,0,0,0,0,0,0,,,,,,,,,,,,,,,,,,,,,,,,,,,
,,14336,E,,14336,293.9045983,14333,14340,9,1,4,,,31240,-1196.539173,7,31047,126.6908493,7,0,0,0,0,0,0,0,0,0,0,,,,,,,,,,,,,,,,,,,,,,,,,,,
,,14497,R,,14497,793.0236041,14495,14498,5,-1,3,,,32221,-1097.260835,5,32023,172.4232483,6,0,0,0,0,0,0,0,0,0,0,,,,,,,,,,,,,,,,,,,,,,,,,,,
,,14685,E,,14685,244.8911681,14683,14689,8,1,4,,,32650,-824.2247818,5,32448,196.1949921,7,0,0,0,0,0,0,0,0,0,0,,,,,,,,,,,,,,,,,,,,,,,,,,,
,,14845,R,,14845,842.0042862,14843,14846,5,-1,3,,,33749,-1059.69054,5,33535,265.1299438,8,0,0,0,0,0,0,0,0,0,0,,,,,,,,,,,,,,,,,,,,,,,,,,,
,,15024,E,,15024,122.0667054,15022,15027,7,1,4,,,34224,-908.9373423,5,34009,256.7481384,8,0,0,0,0,0,0,0,0,0,0,,,,,,,,,,,,,,,,,,,,,,,,,,,
,,15190,R,,15190,684.1361454,15188,15191,5,-1,3,,,34633,-728.814055,5,34431,213.9675598,7,0,0,0,0,0,0,0,0,0,0,,,,,,,,,,,,,,,,,,,,,,,,,,,
,,16059,E,,16059,176.7812009,16058,16062,6,1,4,,,35756,-1121.983033,5,35551,140.5574646,9,0,0,0,0,0,0,0,0,0,0,,,,,,,,,,,,,,,,,,,,,,,,,,,
,,16243,R,,16243,977.8270538,16241,16244,5,-1,3,,,36147,-872.3582506,5,35945,288.7080688,9,0,0,0,0,0,0,0,0,0,0,,,,,,,,,,,,,,,,,,,,,,,,,,,
,,16401,E,,16401,74.40763527,16400,16403,5,1,4,,,36500,-870.7370783,6,36317,165.4312592,8,0,0,0,0,0,0,0,0,0,0,,,,,,,,,,,,,,,,,,,,,,,,,,,
,,16571,R,,16571,790.6827844,16569,16572,5,-1,3,,,37355,-1042.419411,5,37159,128.4028473,7,0,0,0,0,0,0,0,0,0,0,,,,,,,,,,,,,,,,,,,,,,,,,,,
,,16738,E,,16738,178.8084647,16736,16741,7,1,4,,,37727,-908.5932684,5,37534,242.8336029,9,0,0,0,0,0,0,0,0,0,0,,,,,,,,,,,,,,,,,,,,,,,,,,,
,,16914,R,,16914,666.0066555,16912,16915,5,-1,3,,,38131,-685.9658232,4,37945,143.7801971,10,0,0,0,0,0,0,0,0,0,0,,,,,,,,,,,,,,,,,,,,,,,,,,,
,,17068,E,,17068,154.1103437,17066,17071,7,1,4,,,38449,-652.4938459,4,38282,192.5379791,7,0,0,0,0,0,0,0,0,0,0,,,,,,,,,,,,,,,,,,,,,,,,,,,
,,17225,R,,17225,768.6423575,17223,17226,5,-1,3,,,38777,-612.6243602,4,38614,302.1533813,8,0,0,0,0,0,0,0,0,0,0,,,,,,,,,,,,,,,,,,,,,,,,,,,
,,17391,E,,17391,234.4911256,17389,17395,8,1,4,,,39594,-938.1962652,5,39418,161.1481934,9,0,0,0,0,0,0,0,0,0,0,,,,,,,,,,,,,,,,,,,,,,,,,,,
,,17449,R,,17449,210.4622598,17448,17450,4,-1,3,,,39948,-935.7454141,6,39780,283.3523254,8,0,0,0,0,0,0,0,0,0,0,,,,,,,,,,,,,,,,,,,,,,,,,,,
,,17981,E,,17981,155.257413,17979,17984,7,1,4,,,40301,-951.9489244,5,40132,243.9716644,8,0,0,0,0,0,0,0,0,0,0,,,,,,,,,,,,,,,,,,,,,,,,,,,
,,18152,R,,18152,978.119431,18150,18154,6,-1,3,,,40631,-832.6346164,6,40467,132.7204437,6,0,0,0,0,0,0,0,0,0,0,,,,,,,,,,,,,,,,,,,,,,,,,,,
,,18331,E,,18331,239.2042762,18329,18334,7,1,4,,,40979,-924.8188547,7,40812,132.261734,6,0,0,0,0,0,0,0,0,0,0,,,,,,,,,,,,,,,,,,,,,,,,,,,
,,18494,R,,18494,969.3220518,18492,18496,6,-1,3,,,43315,-129.2105977,7,43254,38.29888153,22,0,0,0,0,0,0,0,0,0,0,,,,,,,,,,,,,,,,,,,,,,,,,,,
,,19169,E,,19169,273.3848099,19167,19171,6,1,4,,,43575,-7.195552539,6,43381,58.66139984,12,0,0,0,0,0,0,0,0,0,0,,,,,,,,,,,,,,,,,,,,,,,,,,,
,,19351,R,,19351,939.0966285,19349,19353,6,-1,3,,,43592,-136.3864389,18,0,0,0,0,0,0,0,0,0,0,0,0,0,,,,,,,,,,,,,,,,,,,,,,,,,,,
,,19541,E,,19541,261.5647489,19539,19545,8,1,4,,,43823,-187.8350569,5,43658,35.58346939,13,0,0,0,0,0,0,0,0,0,0,,,,,,,,,,,,,,,,,,,,,,,,,,,
,,19720,R,,19720,1033.843613,19717,19722,7,-1,3,,,44144,-233.7477853,6,43977,191.9906616,12,0,0,0,0,0,0,0,0,0,0,,,,,,,,,,,,,,,,,,,,,,,,,,,
,,20303,E,,20303,225.3510141,20301,20306,7,1,4,,,44396,-519.8052421,5,44249,65.51131439,13,0,0,0,0,0,0,0,0,0,0,,,,,,,,,,,,,,,,,,,,,,,,,,,
,,20480,R,,20480,1069.122276,20476,20482,8,-1,3,,,44671,-349.8559189,10,44519,75.91384888,11,0,0,0,0,0,0,0,0,0,0,,,,,,,,,,,,,,,,,,,,,,,,,,,
,,20900,E,,20900,303.1075659,20897,20904,9,1,4,,,44962,-563.5843605,5,44817,109.8767319,50,0,0,0,0,0,0,0,0,0,0,,,,,,,,,,,,,,,,,,,,,,,,,,,
,,21075,R,,21075,1023.243993,21073,21076,5,-1,3,,,45231,-176.7108454,4,45119,5.803218842,8,0,0,0,0,0,0,0,0,0,0,,,,,,,,,,,,,,,,,,,,,,,,,,,
,,21276,E,,21276,1.503189292,21276,21276,2,,4,,,45511,-254.2134681,4,45375,127.4472122,79,0,0,0,0,0,0,0,0,0,0,,,,,,,,,,,,,,,,,,,,,,,,,,,
,,21286,E,,21286,341.9052919,21283,21290,9,1,4,,,46092,-207.2220695,4,45935,116.7850494,15,0,0,0,0,0,0,0,0,0,0,,,,,,,,,,,,,,,,,,,,,,,,,,,
,,21458,R,,21458,948.0444274,21456,21460,6,-1,3,,,46374,-430.5647761,6,46227,36.74852753,10,0,0,0,0,0,0,0,0,0,0,,,,,,,,,,,,,,,,,,,,,,,,,,,
,,21602,E,,21602,9.966178964,21601,21603,4,1,4,,,46664,-371.4718719,5,46518,97.47143555,19,0,0,0,0,0,0,0,0,0,0,,,,,,,,,,,,,,,,,,,,,,,,,,,
,,21610,E,,21610,285.1778708,21607,21614,9,1,4,,,46924,-312.6167442,8,46775,80.430336,20,0,0,0,0,0,0,0,0,0,0,,,,,,,,,,,,,,,,,,,,,,,,,,,
,,21777,R,,21777,635.4555058,21776,21778,4,-1,3,,,47180,-134.5388986,6,47044,52.11039734,14,0,0,0,0,0,0,0,0,0,0,,,,,,,,,,,,,,,,,,,,,,,,,,,
,,21935,E,,21935,397.4010452,21927,21941,16,1,4,,,47450,-140.1158345,6,47309,37.26892853,12,0,0,0,0,0,0,0,0,0,0,,,,,,,,,,,,,,,,,,,,,,,,,,,
,,22089,R,,22089,680.0665019,22088,22090,4,-1,3,,,47737,-95.41386019,5,47595,34.37709808,10,0,0,0,0,0,0,0,0,0,0,,,,,,,,,,,,,,,,,,,,,,,,,,,
,,22749,E,,22749,420.816132,22747,22753,8,1,4,,,48014,-93.52398967,6,47870,52.20863342,14,0,0,0,0,0,0,0,0,0,0,,,,,,,,,,,,,,,,,,,,,,,,,,,
,,22918,R,,22918,776.8234889,22917,22919,4,-1,3,,,48296,-45.27534063,8,48155,25.17592621,11,0,0,0,0,0,0,0,0,0,0,,,,,,,,,,,,,,,,,,,,,,,,,,,
,,23477,E,,23477,139.6437682,23475,23480,7,1,4,,,48336,-7.979999247,4,0,0,0,0,0,0,0,0,0,0,0,0,0,,,,,,,,,,,,,,,,,,,,,,,,,,,
,,23659,R,,23659,670.4673021,23658,23660,4,-1,3,,,48565,-51.68013628,8,48421,29.68471718,14,0,0,0,0,0,0,0,0,0,0,,,,,,,,,,,,,,,,,,,,,,,,,,,
,,23888,E,,23888,226.0845472,23886,23892,8,1,4,,,48849,-46.72962403,11,48700,34.54515457,16,0,0,0,0,0,0,0,0,0,0,,,,,,,,,,,,,,,,,,,,,,,,,,,
,,24063,R,,24063,828.3382333,24061,24064,5,-1,3,,,49128,-25.01948314,11,48986,33.08269119,14,0,0,0,0,0,0,0,0,0,0,,,,,,,,,,,,,,,,,,,,,,,,,,,
,,24244,E,,24244,160.7497418,24242,24247,7,1,4,,,49138,-2.803536392,4,0,0,0,0,0,0,0,0,0,0,0,0,0,,,,,,,,,,,,,,,,,,,,,,,,,,,
,,24402,R,,24402,679.8135514,24401,24403,4,-1,3,,,49424,-33.62118373,10,49285,34.59417343,17,0,0,0,0,0,0,0,0,0,0,,,,,,,,,,,,,,,,,,,,,,,,,,,
,,24555,E,,24555,8.763983955,24555,24556,3,,4,,,49709,-13.98963536,6,49572,40.51691818,24,0,0,0,0,0,0,0,0,0,0,,,,,,,,,,,,,,,,,,,,,,,,,,,
,,24564,E,,24564,232.3041755,24562,24568,8,1,4,,,50837,-24.80341746,27,50704,36.36085129,24,0,0,0,0,0,0,0,0,0,0,,,,,,,,,,,,,,,,,,,,,,,,,,,
,,24725,R,,24725,607.7650553,24724,24726,4,-1,3,,,51172,-21.91050862,8,50981,31.96305275,18,0,0,0,0,0,0,0,0,0,0,,,,,,,,,,,,,,,,,,,,,,,,,,,
,,24886,E,,24886,249.6256297,24884,24890,8,1,4,,,51431,-59.41450237,65,51295,39.31889725,30,0,0,0,0,0,0,0,0,0,0,,,,,,,,,,,,,,,,,,,,,,,,,,,
,,25048,R,,25048,614.5544517,25047,25049,4,-1,3,,,52590,-50.08452694,56,52407,46.82112885,42,0,0,0,0,0,0,0,0,0,0,,,,,,,,,,,,,,,,,,,,,,,,,,,
,,25925,E,,25925,285.2726705,25922,25929,9,1,4,,,52877,-98.77955616,103,52755,70.78908539,57,0,0,0,0,0,0,0,0,0,0,,,,,,,,,,,,,,,,,,,,,,,,,,,
,,26097,R,,26097,716.9774203,26096,26098,4,-1,3,,,52957,-2.415859185,4,0,0,0,0,0,0,0,0,0,0,0,0,0,,,,,,,,,,,,,,,,,,,,,,,,,,,
,,26593,E,,26593,214.5622948,26591,26597,8,1,4,,,54248,-67.48466557,73,54110,37.59273911,21,0,0,0,0,0,0,0,0,0,0,,,,,,,,,,,,,,,,,,,,,,,,,,,
,,26773,R,,26773,1045.586714,26771,26774,5,-1,3,,,54660,-33.60502527,29,54524,27.75800133,19,0,0,0,0,0,0,0,0,0,0,,,,,,,,,,,,,,,,,,,,,,,,,,,
,,27140,E,,27140,140.846263,27139,27143,6,1,4,,,54684,3.187905844,5,0,0,0,0,0,0,0,0,0,0,0,0,0,,,,,,,,,,,,,,,,,,,,,,,,,,,
,,27317,R,,27317,722.9623187,27315,27318,5,-1,3,,,54690,-2.604082806,4,0,0,0,0,0,0,0,0,0,0,0,0,0,,,,,,,,,,,,,,,,,,,,,,,,,,,
,,27566,E,,27566,66.75684727,27565,27568,5,1,4,,,57943,-22.00131494,9,57147,31.96643257,17,0,0,0,0,0,0,0,0,0,0,,,,,,,,,,,,,,,,,,,,,,,,,,,
,,27748,R,,27748,411.8644727,27748,27749,3,,3,,,59113,-47.11306537,31,58913,35.91424942,25,0,0,0,0,0,0,0,0,0,0,,,,,,,,,,,,,,,,,,,,,,,,,,,
,,29266,E,,29266,166.6445242,29265,29269,6,1,4,,,59578,-25.78818399,16,59384,72.65303802,69,0,0,0,0,0,0,0,0,0,0,,,,,,,,,,,,,,,,,,,,,,,,,,,
,,29492,R,,29492,758.660152,29490,29493,5,-1,3,,,60351,-36.06421482,22,60220,52.18916702,44,0,0,0,0,0,0,0,0,0,0,,,,,,,,,,,,,,,,,,,,,,,,,,,
,,29656,E,,29656,52.4233158,29655,29658,5,1,4,,,61652,-4.609362225,4,61507,28.87998581,24,0,0,0,0,0,0,0,0,0,0,,,,,,,,,,,,,,,,,,,,,,,,,,,
,,29743,R,,29743,650.2055171,29741,29744,5,-1,3,,,61691,-66.46513202,43,0,0,0,0,0,0,0,0,0,0,0,0,0,,,,,,,,,,,,,,,,,,,,,,,,,,,
,,30352,E,,30352,117.9003816,30350,30354,6,1,4,,,62110,-51.95644899,29,61924,20.77021217,18,0,0,0,0,0,0,0,0,0,0,,,,,,,,,,,,,,,,,,,,,,,,,,,
,,30563,R,,30563,979.5410659,30560,30565,7,-1,3,,,62733,-100.918805,59,62595,30.85785103,9,0,0,0,0,0,0,0,0,0,0,,,,,,,,,,,,,,,,,,,,,,,,,,,
,,31047,E,,31047,126.690849,31045,31050,7,1,4,,,65397,-94.07852673,10,65260,58.18507767,8,0,0,0,0,0,0,0,0,0,0,,,,,,,,,,,,,,,,,,,,,,,,,,,
,,31240,R,,31240,1196.539173,31237,31242,7,-1,3,,,67963,-165.7558749,6,67839,233.4827423,8,0,0,0,0,0,0,0,0,0,0,,,,,,,,,,,,,,,,,,,,,,,,,,,
,,32023,E,,32023,172.4232428,32021,32025,6,1,4,,,67987,-4.835066551,6,0,0,0,0,0,0,0,0,0,0,0,0,0,,,,,,,,,,,,,,,,,,,,,,,,,,,
,,32221,R,,32221,1097.260835,32219,32222,5,-1,3,,,68627,-336.2924695,63,68502,24.57107353,10,0,0,0,0,0,0,0,0,0,0,,,,,,,,,,,,,,,,,,,,,,,,,,,
,,32448,E,,32448,196.1949867,32446,32451,7,1,4,,,69002,-7.780044198,4,68904,227.1519318,44,0,0,0,0,0,0,0,0,0,0,,,,,,,,,,,,,,,,,,,,,,,,,,,
,,32650,R,,32650,824.2247818,32648,32651,5,-1,3,,,69006,4.177611262,4,0,0,0,0,0,0,0,0,0,0,0,0,0,,,,,,,,,,,,,,,,,,,,,,,,,,,
,,33535,E,,33535,265.1299589,33533,33539,8,1,4,,,69031,-252.7549368,63,0,0,0,0,0,0,0,0,0,0,0,0,0,,,,,,,,,,,,,,,,,,,,,,,,,,,
,,33749,R,,33749,1059.69054,33747,33750,5,-1,3,,,69483,-280.0729736,63,69356,162.9367523,29,0,0,0,0,0,0,0,0,0,0,,,,,,,,,,,,,,,,,,,,,,,,,,,
,,34009,E,,34009,256.7481493,34007,34013,8,1,4,,,71943,-233.1808504,9,71808,150.3985901,8,0,0,0,0,0,0,0,0,0,0,,,,,,,,,,,,,,,,,,,,,,,,,,,
,,34224,R,,34224,908.9373423,34222,34225,5,-1,3,,,71957,-16.58101673,18,0,0,0,0,0,0,0,0,0,0,0,0,0,,,,,,,,,,,,,,,,,,,,,,,,,,,
,,34431,E,,34431,213.9675535,34429,34434,7,1,4,,,72490,-374.2704891,5,72356,62.17211914,6,0,0,0,0,0,0,0,0,0,0,,,,,,,,,,,,,,,,,,,,,,,,,,,
,,34633,R,,34633,728.814055,34631,34634,5,-1,3,,,72844,-403.1507293,37,72723,253.8115082,14,0,0,0,0,0,0,0,0,0,0,,,,,,,,,,,,,,,,,,,,,,,,,,,
,,35551,E,,35551,140.5574697,35549,35556,9,1,4,,,75364,-435.2430053,36,75236,177.0454102,7,0,0,0,0,0,0,0,0,0,0,,,,,,,,,,,,,,,,,,,,,,,,,,,
,,35756,R,,35756,1121.983033,35754,35757,5,-1,3,,,75966,-355.6460272,44,75844,173.5552216,10,0,0,0,0,0,0,0,0,0,0,,,,,,,,,,,,,,,,,,,,,,,,,,,
,,35937,E,,35937,8.66780165,35936,35938,4,1,4,,,76443,-348.859406,34,76308,231.4449158,31,0,0,0,0,0,0,0,0,0,0,,,,,,,,,,,,,,,,,,,,,,,,,,,
,,35945,E,,35945,288.708061,35942,35949,9,1,4,,,77923,-303.715944,5,77803,84.51709747,14,0,0,0,0,0,0,0,0,0,0,,,,,,,,,,,,,,,,,,,,,,,,,,,
,,36147,R,,36147,872.3582506,36145,36148,5,-1,3,,,78249,-249.8197503,151,0,0,0,0,0,0,0,0,0,0,0,0,0,,,,,,,,,,,,,,,,,,,,,,,,,,,
,,36317,E,,36317,165.4312599,36315,36321,8,1,4,,,78886,-301.5311141,5,78762,190.4325714,10,0,0,0,0,0,0,0,0,0,0,,,,,,,,,,,,,,,,,,,,,,,,,,,
,,36500,R,,36500,870.7370783,36498,36502,6,-1,3,,,79396,-306.4229378,8,79277,108.0707169,8,0,0,0,0,0,0,0,0,0,0,,,,,,,,,,,,,,,,,,,,,,,,,,,
,,37159,E,,37159,128.4028462,37157,37162,7,1,4,,,79406,-10.58612592,12,0,0,0,0,0,0,0,0,0,0,0,0,0,,,,,,,,,,,,,,,,,,,,,,,,,,,
,,37355,R,,37355,1042.419411,37353,37356,5,-1,3,,,79849,-348.575885,43,79716,248.9226837,28,0,0,0,0,0,0,0,0,0,0,,,,,,,,,,,,,,,,,,,,,,,,,,,
,,37534,E,,37534,242.8335981,37531,37538,9,1,4,,,80349,-445.3086694,67,80226,158.8054962,10,0,0,0,0,0,0,0,0,0,0,,,,,,,,,,,,,,,,,,,,,,,,,,,
,,37727,R,,37727,908.5932684,37725,37728,5,-1,3,,,81562,-385.9252932,6,81439,319.4951477,14,0,0,0,0,0,0,0,0,0,0,,,,,,,,,,,,,,,,,,,,,,,,,,,
,,37945,E,,37945,143.7801972,37942,37950,10,1,4,,,82130,-257.9224557,7,82004,57.41081238,6,0,0,0,0,0,0,0,0,0,0,,,,,,,,,,,,,,,,,,,,,,,,,,,
,,38131,R,,38131,685.9658232,38130,38132,4,-1,3,,,84870,-440.3473076,7,84770,253.8054504,7,0,0,0,0,0,0,0,0,0,0,,,,,,,,,,,,,,,,,,,,,,,,,,,
,,38282,E,,38282,192.5379794,38280,38285,7,1,4,,,84885,2.659564978,4,0,0,0,0,0,0,0,0,0,0,0,0,0,,,,,,,,,,,,,,,,,,,,,,,,,,,
,,38449,R,,38449,652.4938459,38448,38450,4,-1,3,,,85377,-326.0572828,133,0,0,0,0,0,0,0,0,0,0,0,0,0,,,,,,,,,,,,,,,,,,,,,,,,,,,
,,38602,E,,38602,374.688742,38602,38603,3,,4,,,85744,-337.775669,6,85621,116.1079865,7,0,0,0,0,0,0,0,0,0,0,,,,,,,,,,,,,,,,,,,,,,,,,,,
,,38614,E,,38614,302.1533941,38611,38617,8,1,4,,,86115,-240.0353076,4,86040,,4,0,0,0,0,0,0,0,0,0,0,,,,,,,,,,,,,,,,,,,,,,,,,,,
,,38777,R,,38777,612.6243602,38776,38778,4,-1,3,,,86671,-195.9357028,5,86559,87.05091858,7,0,0,0,0,0,0,0,0,0,0,,,,,,,,,,,,,,,,,,,,,,,,,,,
,,39418,E,,39418,161.1481941,39416,39423,9,1,4,,,87105,-240.475697,5,86978,204.4922791,12,0,0,0,0,0,0,0,0,0,0,,,,,,,,,,,,,,,,,,,,,,,,,,,
,,39594,R,,39594,938.1962652,39592,39595,5,-1,3,,,88226,-344.9799802,5,88094,203.8341675,8,0,0,0,0,0,0,0,0,0,0,,,,,,,,,,,,,,,,,,,,,,,,,,,
,,39780,E,,39780,283.3523278,39778,39784,8,1,4,,,89126,-441.3474903,6,88996,232.2735443,9,0,0,0,0,0,0,0,0,0,0,,,,,,,,,,,,,,,,,,,,,,,,,,,
,,39948,R,,39948,935.7454141,39945,39949,6,-1,3,,,89140,-4.159406089,6,0,0,0,0,0,0,0,0,0,0,0,0,0,,,,,,,,,,,,,,,,,,,,,,,,,,,
,,40132,E,,40132,243.9716583,40130,40136,8,1,4,,,89150,-11.0182647,9,0,0,0,0,0,0,0,0,0,0,0,0,0,,,,,,,,,,,,,,,,,,,,,,,,,,,
,,40301,R,,40301,951.9489244,40299,40302,5,-1,3,,,89575,-226.1442963,28,89429,94.77879333,13,0,0,0,0,0,0,0,0,0,0,,,,,,,,,,,,,,,,,,,,,,,,,,,
,,40467,E,,40467,132.7204463,40465,40469,6,1,4,,,89963,-249.5761377,7,89862,7.749667645,9,0,0,0,0,0,0,0,0,0,0,,,,,,,,,,,,,,,,,,,,,,,,,,,
,,40631,R,,40631,832.6346164,40629,40633,6,-1,3,,,89983,-21.22814709,20,0,0,0,0,0,0,0,0,0,0,0,0,0,,,,,,,,,,,,,,,,,,,,,,,,,,,
,,40812,E,,40812,132.2617371,40810,40814,6,1,4,,,90465,-234.355679,6,90342,184.3083954,10,0,0,0,0,0,0,0,0,0,0,,,,,,,,,,,,,,,,,,,,,,,,,,,
,,40979,R,,40979,924.8188547,40976,40981,7,-1,3,,,91420,-284.4238014,6,91299,207.5974426,8,0,0,0,0,0,0,0,0,0,0,,,,,,,,,,,,,,,,,,,,,,,,,,,
,,43254,E,,43254,38.29888196,43246,43266,22,1,4,,,92010,-266.9652407,49,91884,53.91173935,8,0,0,0,0,0,0,0,0,0,0,,,,,,,,,,,,,,,,,,,,,,,,,,,
,,43315,R,,43315,129.2105977,43312,43317,7,-1,3,,,92441,-396.8208323,55,92317,236.3861389,17,0,0,0,0,0,0,0,0,0,0,,,,,,,,,,,,,,,,,,,,,,,,,,,
,,43381,E,,43381,58.66140105,43376,43386,12,1,4,,,92977,-309.4309567,8,92858,46.16804886,6,0,0,0,0,0,0,0,0,0,0,,,,,,,,,,,,,,,,,,,,,,,,,,,
,,43575,R,,43575,7.195552539,43574,43578,6,-1,3,,,93371,-390.3247764,45,93251,307.0035706,18,0,0,0,0,0,0,0,0,0,0,,,,,,,,,,,,,,,,,,,,,,,,,,,
,,43592,R,,43592,136.3864389,43582,43598,18,-1,3,,,93928,-299.4167493,8,93805,117.191185,9,0,0,0,0,0,0,0,0,0,0,,,,,,,,,,,,,,,,,,,,,,,,,,,
,,43658,E,,43658,35.58346926,43652,43663,13,1,4,,,94323,-285.2716186,7,94203,220.6580811,16,0,0,0,0,0,0,0,0,0,0,,,,,,,,,,,,,,,,,,,,,,,,,,,
,,43823,R,,43823,187.8350569,43821,43824,5,-1,3,,,94751,-326.9265574,6,94660,154.4541016,12,0,0,0,0,0,0,0,0,0,0,,,,,,,,,,,,,,,,,,,,,,,,,,,
,,43977,E,,43977,191.9906668,43973,43983,12,1,4,,,96010,-252.8996043,79,95891,187.1679688,9,0,0,0,0,0,0,0,0,0,0,,,,,,,,,,,,,,,,,,,,,,,,,,,
,,44144,R,,44144,233.7477853,44142,44146,6,-1,3,,,96515,-219.1177356,45,96393,80.05284119,7,0,0,0,0,0,0,0,0,0,0,,,,,,,,,,,,,,,,,,,,,,,,,,,
,,44249,E,,44249,65.51131692,44244,44255,13,1,4,,,96910,-315.3754702,50,96791,192.604538,12,0,0,0,0,0,0,0,0,0,0,,,,,,,,,,,,,,,,,,,,,,,,,,,
,,44396,R,,44396,519.8052421,44395,44398,5,-1,3,,,97410,-356.8890409,11,97309,136.8283539,7,0,0,0,0,0,0,0,0,0,0,,,,,,,,,,,,,,,,,,,,,,,,,,,
,,44519,E,,44519,75.9138485,44515,44524,11,1,4,,,97839,-308.9544512,7,97714,307.8681946,29,0,0,0,0,0,0,0,0,0,0,,,,,,,,,,,,,,,,,,,,,,,,,,,
,,44671,R,,44671,349.8559189,44666,44674,10,-1,3,,,97867,-19.86519321,23,0,0,0,0,0,0,0,0,0,0,0,0,0,,,,,,,,,,,,,,,,,,,,,,,,,,,
,,44817,E,,44817,109.8767341,44807,44855,50,1,4,,,98352,-250.6269939,27,98236,162.3572998,9,0,0,0,0,0,0,0,0,0,0,,,,,,,,,,,,,,,,,,,,,,,,,,,
,,44859,E,,44859,2.230983745,44859,44860,3,,4,,,98785,-157.9304575,5,98672,209.4729309,10,0,0,0,0,0,0,0,0,0,0,,,,,,,,,,,,,,,,,,,,,,,,,,,
,,44962,R,,44962,563.5843605,44960,44963,5,-1,3,,,99302,-186.2875998,6,99186,50.10914993,7,0,0,0,0,0,0,0,0,0,0,,,,,,,,,,,,,,,,,,,,,,,,,,,
,,45084,E,,45084,123.5286826,45073,45107,36,1,4,,,99718,-152.8822727,4,99624,203.6869507,13,0,0,0,0,0,0,0,0,0,0,,,,,,,,,,,,,,,,,,,,,,,,,,,
,,45109,E,,45109,1.159723866,45109,45109,2,,4,,,100261,-119.6172403,6,100149,76.00463104,8,0,0,0,0,0,0,0,0,0,0,,,,,,,,,,,,,,,,,,,,,,,,,,,
,,45119,E,,45119,5.803218616,45116,45122,8,1,4,,,100770,-110.5039728,4,100674,-2.271887779,4,0,0,0,0,0,0,0,0,0,0,,,,,,,,,,,,,,,,,,,,,,,,,,,
,,45231,R,,45231,176.7108454,45230,45232,4,-1,3,,,101884,-101.9332312,7,101758,259.3102722,7,0,0,0,0,0,0,0,0,0,0,,,,,,,,,,,,,,,,,,,,,,,,,,,
,,45375,E,,45375,127.4472148,45357,45434,79,1,4,,,102406,-238.3386991,8,102278,245.5133209,39,0,0,0,0,0,0,0,0,0,0,,,,,,,,,,,,,,,,,,,,,,,,,,,
,,45511,R,,45511,254.2134681,45510,45512,4,-1,3,,,102803,-138.4648599,4,102691,323.8358765,111,0,0,0,0,0,0,0,0,0,0,,,,,,,,,,,,,,,,,,,,,,,,,,,
,,45935,E,,45935,116.7850482,45930,45943,15,1,4,,,103255,-257.6307208,5,103150,350.0747375,86,0,0,0,0,0,0,0,0,0,0,,,,,,,,,,,,,,,,,,,,,,,,,,,
,,46092,R,,46092,207.2220695,46091,46093,4,-1,3,,,104457,-160.6308381,30,104345,258.6099854,22,0,0,0,0,0,0,0,0,0,0,,,,,,,,,,,,,,,,,,,,,,,,,,,
,,46227,E,,46227,36.74852806,46223,46231,10,1,4,,,104972,-157.8306966,6,104852,114.8117599,9,0,0,0,0,0,0,0,0,0,0,,,,,,,,,,,,,,,,,,,,,,,,,,,
,,46374,R,,46374,430.5647761,46372,46376,6,-1,3,,,105423,-219.4891284,6,105303,232.6229401,25,0,0,0,0,0,0,0,0,0,0,,,,,,,,,,,,,,,,,,,,,,,,,,,
,,46518,E,,46518,97.47143392,46512,46529,19,1,4,,,106121,-89.93504826,8,106005,252.7534027,11,0,0,0,0,0,0,0,0,0,0,,,,,,,,,,,,,,,,,,,,,,,,,,,
,,46532,E,,46532,1.159723866,46532,46532,2,,4,,,106136,2.460111391,4,0,0,0,0,0,0,0,0,0,0,0,0,0,,,,,,,,,,,,,,,,,,,,,,,,,,,
,,46664,R,,46664,371.4718719,46662,46665,5,-1,3,,,106639,-145.7241773,6,106524,84.56025696,7,0,0,0,0,0,0,0,0,0,0,,,,,,,,,,,,,,,,,,,,,,,,,,,
,,46775,E,,46775,80.4303387,46767,46785,20,1,4,,,107754,-125.5308695,6,107645,341.7630615,10,0,0,0,0,0,0,0,0,0,0,,,,,,,,,,,,,,,,,,,,,,,,,,,
,,46924,R,,46924,312.6167442,46921,46927,8,-1,3,,,108297,-55.63201375,7,108180,89.4969635,10,0,0,0,0,0,0,0,0,0,0,,,,,,,,,,,,,,,,,,,,,,,,,,,
,,47044,E,,47044,52.11039628,47039,47051,14,1,4,,,108701,-218.4736304,6,108580,116.2147064,7,0,0,0,0,0,0,0,0,0,0,,,,,,,,,,,,,,,,,,,,,,,,,,,
,,47180,R,,47180,134.5388986,47178,47182,6,-1,3,,,109212,-232.904924,7,109110,174.9698181,6,0,0,0,0,0,0,0,0,0,0,,,,,,,,,,,,,,,,,,,,,,,,,,,
,,47309,E,,47309,37.26892817,47304,47314,12,1,4,,,111632,-121.0193943,6,111529,146.4946899,6,0,0,0,0,0,0,0,0,0,0,,,,,,,,,,,,,,,,,,,,,,,,,,,
,,47450,R,,47450,140.1158345,47448,47452,6,-1,3,,,112103,-285.3511014,9,112011,242.7472382,7,0,0,0,0,0,0,0,0,0,0,,,,,,,,,,,,,,,,,,,,,,,,,,,
,,47595,E,,47595,34.37709698,47591,47599,10,1,4,,,112663,-201.2523171,14,112535,96.26912689,6,0,0,0,0,0,0,0,0,0,0,,,,,,,,,,,,,,,,,,,,,,,,,,,
,,47737,R,,47737,95.41386019,47735,47738,5,-1,3,,,114412,-99.15522688,43,114292,97.86161804,5,0,0,0,0,0,0,0,0,0,0,,,,,,,,,,,,,,,,,,,,,,,,,,,
,,47870,E,,47870,52.20863368,47864,47876,14,1,4,,,115221,-182.9527349,9,115086,98.27779388,6,0,0,0,0,0,0,0,0,0,0,,,,,,,,,,,,,,,,,,,,,,,,,,,
,,48014,R,,48014,93.52398967,48012,48016,6,-1,3,,,115624,-258.9124951,7,115526,247.1050568,10,0,0,0,0,0,0,0,0,0,0,,,,,,,,,,,,,,,,,,,,,,,,,,,
,,48155,E,,48155,25.1759256,48151,48160,11,1,4,,,117404,-144.5417934,9,117263,184.5187073,6,0,0,0,0,0,0,0,0,0,0,,,,,,,,,,,,,,,,,,,,,,,,,,,
,,48296,R,,48296,45.27534063,48293,48299,8,-1,3,,,119499,-202.4472055,7,119378,264.4932861,7,0,0,0,0,0,0,0,0,0,0,,,,,,,,,,,,,,,,,,,,,,,,,,,
,,48336,R,,48336,7.979999247,48335,48337,4,-1,3,,,120957,-157.4251713,6,120821,130.5829773,9,0,0,0,0,0,0,0,0,0,0,,,,,,,,,,,,,,,,,,,,,,,,,,,
,,48421,E,,48421,29.68471773,48415,48427,14,1,4,,,121769,-162.3608053,6,121636,142.4408417,8,0,0,0,0,0,0,0,0,0,0,,,,,,,,,,,,,,,,,,,,,,,,,,,
,,48565,R,,48565,51.68013628,48562,48568,8,-1,3,,,122207,-101.8612085,5,122074,64.19470215,6,0,0,0,0,0,0,0,0,0,0,,,,,,,,,,,,,,,,,,,,,,,,,,,
,,48700,E,,48700,34.54515438,48695,48709,16,1,4,,,123663,-138.9141532,13,123530,72.53066254,6,0,0,0,0,0,0,0,0,0,0,,,,,,,,,,,,,,,,,,,,,,,,,,,
,,48849,R,,48849,46.72962403,48844,48853,11,-1,3,,,125986,-72.56836142,7,125832,89.94088745,6,0,0,0,0,0,0,0,0,0,0,,,,,,,,,,,,,,,,,,,,,,,,,,,
,,48986,E,,48986,33.08269091,48980,48992,14,1,4,,,126360,-74.09292813,5,126243,84.63440704,8,0,0,0,0,0,0,0,0,0,0,,,,,,,,,,,,,,,,,,,,,,,,,,,
,,49128,R,,49128,25.01948314,49124,49133,11,-1,3,,,127536,-57.00011166,6,127396,113.4812241,6,0,0,0,0,0,0,0,0,0,0,,,,,,,,,,,,,,,,,,,,,,,,,,,
,,49138,R,,49138,2.803536392,49137,49139,4,-1,3,,,128529,-86.74018341,7,128401,52.44573975,6,0,0,0,0,0,0,0,0,0,0,,,,,,,,,,,,,,,,,,,,,,,,,,,
,,49285,E,,49285,34.59417365,49277,49292,17,1,4,,,128947,-141.2549655,8,128816,41.70383835,5,0,0,0,0,0,0,0,0,0,0,,,,,,,,,,,,,,,,,,,,,,,,,,,
,,49424,R,,49424,33.62118373,49420,49428,10,-1,3,,,133173,-90.45192165,5,133089,51.61611176,5,0,0,0,0,0,0,0,0,0,0,,,,,,,,,,,,,,,,,,,,,,,,,,,
,,49572,E,,49572,40.5169172,49563,49585,24,1,4,,,133616,-88.72606862,6,133476,19.03086472,5,0,0,0,0,0,0,0,0,0,0,,,,,,,,,,,,,,,,,,,,,,,,,,,
,,49709,R,,49709,13.98963536,49707,49711,6,-1,3,,,134035,-60.43600704,5,133917,28.86183357,8,0,0,0,0,0,0,0,0,0,0,,,,,,,,,,,,,,,,,,,,,,,,,,,
,,50704,E,,50704,36.36085038,50696,50718,24,1,4,,,145444,-105.0477823,6,145277,145.1343079,8,0,0,0,0,0,0,0,0,0,0,,,,,,,,,,,,,,,,,,,,,,,,,,,
,,50837,R,,50837,24.80341746,50824,50849,27,-1,3,,,,,,,,,,,,,,,,,,,,,,,,,,,,,,,,,,,,,,,,,,,,,
,,50981,E,,50981,31.96305198,50974,50990,18,1,4,,,,,,,,,,,,,,,,,,,,,,,,,,,,,,,,,,,,,,,,,,,,,
,,51172,R,,51172,21.91050862,51169,51175,8,-1,3,,,,,,,,,,,,,,,,,,,,,,,,,,,,,,,,,,,,,,,,,,,,,
,,51267,E,,51267,0.772046659,51267,51267,2,,4,,,,,,,,,,,,,,,,,,,,,,,,,,,,,,,,,,,,,,,,,,,,,
,,51276,E,,51276,0.772046659,51276,51276,2,,4,,,,,,,,,,,,,,,,,,,,,,,,,,,,,,,,,,,,,,,,,,,,,
,,51295,E,,51295,39.31889707,51278,51306,30,1,4,,,,,,,,,,,,,,,,,,,,,,,,,,,,,,,,,,,,,,,,,,,,,
,,51431,R,,51431,59.41450237,51428,51491,65,-1,3,,,,,,,,,,,,,,,,,,,,,,,,,,,,,,,,,,,,,,,,,,,,,
,,52407,E,,52407,46.82112904,52395,52435,42,1,4,,,,,,,,,,,,,,,,,,,,,,,,,,,,,,,,,,,,,,,,,,,,,
,,52440,E,,52440,1.159723866,52440,52440,2,,4,,,,,,,,,,,,,,,,,,,,,,,,,,,,,,,,,,,,,,,,,,,,,
,,52590,R,,52590,50.08452694,52570,52624,56,-1,3,,,,,,,,,,,,,,,,,,,,,,,,,,,,,,,,,,,,,,,,,,,,,
,,52755,E,,52755,70.78908629,52722,52777,57,1,4,,,,,,,,,,,,,,,,,,,,,,,,,,,,,,,,,,,,,,,,,,,,,
,,52877,R,,52877,98.77955616,52853,52954,103,-1,3,,,,,,,,,,,,,,,,,,,,,,,,,,,,,,,,,,,,,,,,,,,,,
,,52957,R,,52957,2.415859185,52956,52958,4,-1,3,,,,,,,,,,,,,,,,,,,,,,,,,,,,,,,,,,,,,,,,,,,,,
,,54110,E,,54110,37.59274044,54099,54118,21,1,4,,,,,,,,,,,,,,,,,,,,,,,,,,,,,,,,,,,,,,,,,,,,,
,,54248,R,,54248,67.48466557,54227,54298,73,-1,3,,,,,,,,,,,,,,,,,,,,,,,,,,,,,,,,,,,,,,,,,,,,,
,,54524,E,,54524,27.75800078,54515,54532,19,1,4,,,,,,,,,,,,,,,,,,,,,,,,,,,,,,,,,,,,,,,,,,,,,
,,54660,R,,54660,33.60502527,54652,54679,29,-1,3,,,,,,,,,,,,,,,,,,,,,,,,,,,,,,,,,,,,,,,,,,,,,
,,54684,R,,54684,3.187905844,54682,54685,5,1,3,,,,,,,,,,,,,,,,,,,,,,,,,,,,,,,,,,,,,,,,,,,,,
,,54690,R,,54690,2.604082806,54689,54691,4,-1,3,,,,,,,,,,,,,,,,,,,,,,,,,,,,,,,,,,,,,,,,,,,,,
,,57147,E,,57147,31.96643346,57139,57154,17,1,4,,,,,,,,,,,,,,,,,,,,,,,,,,,,,,,,,,,,,,,,,,,,,
,,57891,R,,57891,1.544093318,57891,57892,3,,3,,,,,,,,,,,,,,,,,,,,,,,,,,,,,,,,,,,,,,,,,,,,,
,,57909,R,,57909,0.916018074,57909,57909,2,,3,,,,,,,,,,,,,,,,,,,,,,,,,,,,,,,,,,,,,,,,,,,,,
,,57943,R,,57943,22.00131494,57939,57946,9,-1,3,,,,,,,,,,,,,,,,,,,,,,,,,,,,,,,,,,,,,,,,,,,,,
,,58913,E,,58913,35.91424755,58903,58926,25,1,4,,,,,,,,,,,,,,,,,,,,,,,,,,,,,,,,,,,,,,,,,,,,,
,,59113,R,,59113,47.11306537,59092,59121,31,-1,3,,,,,,,,,,,,,,,,,,,,,,,,,,,,,,,,,,,,,,,,,,,,,
,,59316,E,,59316,10.24600867,59311,59320,11,1,4,,,,,,,,,,,,,,,,,,,,,,,,,,,,,,,,,,,,,,,,,,,,,
,,59384,E,,59384,72.65303952,59327,59394,69,1,4,,,,,,,,,,,,,,,,,,,,,,,,,,,,,,,,,,,,,,,,,,,,,
,,59578,R,,59578,25.78818399,59568,59582,16,-1,3,,,,,,,,,,,,,,,,,,,,,,,,,,,,,,,,,,,,,,,,,,,,,
,,60220,E,,60220,52.1891682,60185,60227,44,1,4,,,,,,,,,,,,,,,,,,,,,,,,,,,,,,,,,,,,,,,,,,,,,
,,60351,R,,60351,36.06421482,60340,60360,22,-1,3,,,,,,,,,,,,,,,,,,,,,,,,,,,,,,,,,,,,,,,,,,,,,
,,61507,E,,61507,28.87998556,61495,61517,24,1,4,,,,,,,,,,,,,,,,,,,,,,,,,,,,,,,,,,,,,,,,,,,,,
,,61652,R,,61652,4.609362225,61651,61653,4,-1,3,,,,,,,,,,,,,,,,,,,,,,,,,,,,,,,,,,,,,,,,,,,,,
,,61691,R,,61691,66.46513202,61668,61709,43,-1,3,,,,,,,,,,,,,,,,,,,,,,,,,,,,,,,,,,,,,,,,,,,,,
,,61909,E,,61909,1.499841112,61909,61910,3,,4,,,,,,,,,,,,,,,,,,,,,,,,,,,,,,,,,,,,,,,,,,,,,
,,61924,E,,61924,20.77021302,61912,61928,18,1,4,,,,,,,,,,,,,,,,,,,,,,,,,,,,,,,,,,,,,,,,,,,,,
,,62110,R,,62110,51.95644899,62096,62123,29,-1,3,,,,,,,,,,,,,,,,,,,,,,,,,,,,,,,,,,,,,,,,,,,,,
,,62595,E,,62595,30.8578507,62592,62599,9,1,4,,,,,,,,,,,,,,,,,,,,,,,,,,,,,,,,,,,,,,,,,,,,,
,,62733,R,,62733,100.918805,62725,62782,59,-1,3,,,,,,,,,,,,,,,,,,,,,,,,,,,,,,,,,,,,,,,,,,,,,
,,65260,E,,65260,58.18507845,65258,65264,8,1,4,,,,,,,,,,,,,,,,,,,,,,,,,,,,,,,,,,,,,,,,,,,,,
,,65397,R,,65397,94.07852673,65394,65402,10,-1,3,,,,,,,,,,,,,,,,,,,,,,,,,,,,,,,,,,,,,,,,,,,,,
,,67839,E,,67839,233.4827397,67837,67843,8,1,4,,,,,,,,,,,,,,,,,,,,,,,,,,,,,,,,,,,,,,,,,,,,,
,,67963,R,,67963,165.7558749,67961,67965,6,-1,3,,,,,,,,,,,,,,,,,,,,,,,,,,,,,,,,,,,,,,,,,,,,,
,,67987,R,,67987,4.835066551,67986,67990,6,-1,3,,,,,,,,,,,,,,,,,,,,,,,,,,,,,,,,,,,,,,,,,,,,,
,,68502,E,,68502,24.57107398,68499,68507,10,1,4,,,,,,,,,,,,,,,,,,,,,,,,,,,,,,,,,,,,,,,,,,,,,
,,68601,R,,68601,0.772046659,68601,68601,2,,3,,,,,,,,,,,,,,,,,,,,,,,,,,,,,,,,,,,,,,,,,,,,,
,,68627,R,,68627,336.2924695,68606,68667,63,-1,3,,,,,,,,,,,,,,,,,,,,,,,,,,,,,,,,,,,,,,,,,,,,,
,,68904,E,,68904,227.1519267,68891,68933,44,1,4,,,,,,,,,,,,,,,,,,,,,,,,,,,,,,,,,,,,,,,,,,,,,
,,68935,E,,68935,2.275235951,68935,68936,3,,4,,,,,,,,,,,,,,,,,,,,,,,,,,,,,,,,,,,,,,,,,,,,,
,,69002,R,,69002,7.780044198,69001,69003,4,-1,3,,,,,,,,,,,,,,,,,,,,,,,,,,,,,,,,,,,,,,,,,,,,,
,,69006,R,,69006,4.177611262,69005,69007,4,1,3,,,,,,,,,,,,,,,,,,,,,,,,,,,,,,,,,,,,,,,,,,,,,
,,69031,R,,69031,252.7549368,69011,69072,63,-1,3,,,,,,,,,,,,,,,,,,,,,,,,,,,,,,,,,,,,,,,,,,,,,
,,69356,E,,69356,162.9367465,69351,69378,29,1,4,,,,,,,,,,,,,,,,,,,,,,,,,,,,,,,,,,,,,,,,,,,,,
,,69483,R,,69483,280.0729736,69456,69517,63,-1,3,,,,,,,,,,,,,,,,,,,,,,,,,,,,,,,,,,,,,,,,,,,,,
,,71808,E,,71808,150.3985899,71806,71812,8,1,4,,,,,,,,,,,,,,,,,,,,,,,,,,,,,,,,,,,,,,,,,,,,,
,,71943,R,,71943,233.1808504,71939,71946,9,-1,3,,,,,,,,,,,,,,,,,,,,,,,,,,,,,,,,,,,,,,,,,,,,,
,,71957,R,,71957,16.58101673,71949,71965,18,-1,3,,,,,,,,,,,,,,,,,,,,,,,,,,,,,,,,,,,,,,,,,,,,,
,,72356,E,,72356,62.17211924,72355,72359,6,1,4,,,,,,,,,,,,,,,,,,,,,,,,,,,,,,,,,,,,,,,,,,,,,
,,72490,R,,72490,374.2704891,72488,72491,5,-1,3,,,,,,,,,,,,,,,,,,,,,,,,,,,,,,,,,,,,,,,,,,,,,
,,72713,E,,72713,5.595719463,72712,72714,4,1,4,,,,,,,,,,,,,,,,,,,,,,,,,,,,,,,,,,,,,,,,,,,,,
,,72723,E,,72723,253.8115041,72719,72731,14,1,4,,,,,,,,,,,,,,,,,,,,,,,,,,,,,,,,,,,,,,,,,,,,,
,,72844,R,,72844,403.1507293,72841,72876,37,-1,3,,,,,,,,,,,,,,,,,,,,,,,,,,,,,,,,,,,,,,,,,,,,,
,,75236,E,,75236,177.0454089,75234,75239,7,1,4,,,,,,,,,,,,,,,,,,,,,,,,,,,,,,,,,,,,,,,,,,,,,
,,75364,R,,75364,435.2430053,75358,75392,36,-1,3,,,,,,,,,,,,,,,,,,,,,,,,,,,,,,,,,,,,,,,,,,,,,
,,75844,E,,75844,173.5552202,75842,75850,10,1,4,,,,,,,,,,,,,,,,,,,,,,,,,,,,,,,,,,,,,,,,,,,,,
,,75966,R,,75966,355.6460272,75952,75994,44,-1,3,,,,,,,,,,,,,,,,,,,,,,,,,,,,,,,,,,,,,,,,,,,,,
,,76245,E,,76245,2.674243519,76245,76246,3,,4,,,,,,,,,,,,,,,,,,,,,,,,,,,,,,,,,,,,,,,,,,,,,
,,76308,E,,76308,231.4449143,76295,76324,31,1,4,,,,,,,,,,,,,,,,,,,,,,,,,,,,,,,,,,,,,,,,,,,,,
,,76443,R,,76443,348.859406,76434,76466,34,-1,3,,,,,,,,,,,,,,,,,,,,,,,,,,,,,,,,,,,,,,,,,,,,,
,,77803,E,,77803,84.51709756,77800,77812,14,1,4,,,,,,,,,,,,,,,,,,,,,,,,,,,,,,,,,,,,,,,,,,,,,
,,77923,R,,77923,303.715944,77921,77924,5,-1,3,,,,,,,,,,,,,,,,,,,,,,,,,,,,,,,,,,,,,,,,,,,,,
,,78249,R,,78249,249.8197503,78133,78282,151,-1,3,,,,,,,,,,,,,,,,,,,,,,,,,,,,,,,,,,,,,,,,,,,,,
,,78762,E,,78762,190.432569,78759,78767,10,1,4,,,,,,,,,,,,,,,,,,,,,,,,,,,,,,,,,,,,,,,,,,,,,
,,78886,R,,78886,301.5311141,78884,78887,5,-1,3,,,,,,,,,,,,,,,,,,,,,,,,,,,,,,,,,,,,,,,,,,,,,
,,79277,E,,79277,108.07072,79275,79281,8,1,4,,,,,,,,,,,,,,,,,,,,,,,,,,,,,,,,,,,,,,,,,,,,,
,,79396,R,,79396,306.4229378,79393,79399,8,-1,3,,,,,,,,,,,,,,,,,,,,,,,,,,,,,,,,,,,,,,,,,,,,,
,,79406,R,,79406,10.58612592,79403,79413,12,-1,3,,,,,,,,,,,,,,,,,,,,,,,,,,,,,,,,,,,,,,,,,,,,,
,,79716,E,,79716,248.9226858,79706,79732,28,1,4,,,,,,,,,,,,,,,,,,,,,,,,,,,,,,,,,,,,,,,,,,,,,
,,79734,E,,79734,2.07574194,79734,79735,3,,4,,,,,,,,,,,,,,,,,,,,,,,,,,,,,,,,,,,,,,,,,,,,,
,,79849,R,,79849,348.575885,79845,79886,43,-1,3,,,,,,,,,,,,,,,,,,,,,,,,,,,,,,,,,,,,,,,,,,,,,
,,80226,E,,80226,158.8054913,80223,80231,10,1,4,,,,,,,,,,,,,,,,,,,,,,,,,,,,,,,,,,,,,,,,,,,,,
,,80349,R,,80349,445.3086694,80321,80386,67,-1,3,,,,,,,,,,,,,,,,,,,,,,,,,,,,,,,,,,,,,,,,,,,,,
,,81439,E,,81439,319.4951463,81436,81448,14,1,4,,,,,,,,,,,,,,,,,,,,,,,,,,,,,,,,,,,,,,,,,,,,,
,,81562,R,,81562,385.9252932,81560,81564,6,-1,3,,,,,,,,,,,,,,,,,,,,,,,,,,,,,,,,,,,,,,,,,,,,,
,,82004,E,,82004,57.41081204,82002,82006,6,1,4,,,,,,,,,,,,,,,,,,,,,,,,,,,,,,,,,,,,,,,,,,,,,
,,82130,R,,82130,257.9224557,82128,82133,7,-1,3,,,,,,,,,,,,,,,,,,,,,,,,,,,,,,,,,,,,,,,,,,,,,
,,84770,E,,84770,253.805457,84768,84773,7,1,4,,,,,,,,,,,,,,,,,,,,,,,,,,,,,,,,,,,,,,,,,,,,,
,,84870,R,,84870,440.3473076,84868,84873,7,-1,3,,,,,,,,,,,,,,,,,,,,,,,,,,,,,,,,,,,,,,,,,,,,,
,,84885,R,,84885,2.659564978,84884,84886,4,1,3,,,,,,,,,,,,,,,,,,,,,,,,,,,,,,,,,,,,,,,,,,,,,
,,85377,R,,85377,326.0572828,85277,85408,133,-1,3,,,,,,,,,,,,,,,,,,,,,,,,,,,,,,,,,,,,,,,,,,,,,
,,85621,E,,85621,116.107987,85619,85624,7,1,4,,,,,,,,,,,,,,,,,,,,,,,,,,,,,,,,,,,,,,,,,,,,,
,,85744,R,,85744,337.775669,85742,85746,6,-1,3,,,,,,,,,,,,,,,,,,,,,,,,,,,,,,,,,,,,,,,,,,,,,
,,86001,E,,86001,232.8857306,85997,86036,41,1,4,,,,,,,,,,,,,,,,,,,,,,,,,,,,,,,,,,,,,,,,,,,,,
,,86038,E,,86038,1.159723866,86038,86038,2,,4,,,,,,,,,,,,,,,,,,,,,,,,,,,,,,,,,,,,,,,,,,,,,
,,86040,E,,86040,2.371606979,86040,86042,4,,4,,,,,,,,,,,,,,,,,,,,,,,,,,,,,,,,,,,,,,,,,,,,,
,,86044,E,,86044,1.159723866,86044,86044,2,,4,,,,,,,,,,,,,,,,,,,,,,,,,,,,,,,,,,,,,,,,,,,,,
,,86115,R,,86115,240.0353076,86114,86116,4,-1,3,,,,,,,,,,,,,,,,,,,,,,,,,,,,,,,,,,,,,,,,,,,,,
,,86559,E,,86559,87.05092162,86557,86562,7,1,4,,,,,,,,,,,,,,,,,,,,,,,,,,,,,,,,,,,,,,,,,,,,,
,,86671,R,,86671,195.9357028,86669,86672,5,-1,3,,,,,,,,,,,,,,,,,,,,,,,,,,,,,,,,,,,,,,,,,,,,,
,,86978,E,,86978,204.4922797,86975,86985,12,1,4,,,,,,,,,,,,,,,,,,,,,,,,,,,,,,,,,,,,,,,,,,,,,
,,87105,R,,87105,240.475697,87103,87106,5,-1,3,,,,,,,,,,,,,,,,,,,,,,,,,,,,,,,,,,,,,,,,,,,,,
,,88094,E,,88094,203.8341599,88092,88098,8,1,4,,,,,,,,,,,,,,,,,,,,,,,,,,,,,,,,,,,,,,,,,,,,,
,,88226,R,,88226,344.9799802,88224,88227,5,-1,3,,,,,,,,,,,,,,,,,,,,,,,,,,,,,,,,,,,,,,,,,,,,,
,,88996,E,,88996,232.273551,88994,89001,9,1,4,,,,,,,,,,,,,,,,,,,,,,,,,,,,,,,,,,,,,,,,,,,,,
,,89126,R,,89126,441.3474903,89124,89128,6,-1,3,,,,,,,,,,,,,,,,,,,,,,,,,,,,,,,,,,,,,,,,,,,,,
,,89140,R,,89140,4.159406089,89139,89143,6,-1,3,,,,,,,,,,,,,,,,,,,,,,,,,,,,,,,,,,,,,,,,,,,,,
,,89150,R,,89150,11.0182647,89146,89153,9,-1,3,,,,,,,,,,,,,,,,,,,,,,,,,,,,,,,,,,,,,,,,,,,,,
,,89429,E,,89429,94.77879005,89424,89435,13,1,4,,,,,,,,,,,,,,,,,,,,,,,,,,,,,,,,,,,,,,,,,,,,,
,,89575,R,,89575,226.1442963,89569,89595,28,-1,3,,,,,,,,,,,,,,,,,,,,,,,,,,,,,,,,,,,,,,,,,,,,,
,,89832,E,,89832,7.864309641,89832,89833,3,,4,,,,,,,,,,,,,,,,,,,,,,,,,,,,,,,,,,,,,,,,,,,,,
,,89841,E,,89841,206.4166858,89838,89851,15,1,4,,,,,,,,,,,,,,,,,,,,,,,,,,,,,,,,,,,,,,,,,,,,,
,,89862,E,,89862,7.749667682,89859,89866,9,1,4,,,,,,,,,,,,,,,,,,,,,,,,,,,,,,,,,,,,,,,,,,,,,
,,89963,R,,89963,249.5761377,89961,89966,7,-1,3,,,,,,,,,,,,,,,,,,,,,,,,,,,,,,,,,,,,,,,,,,,,,
,,89983,R,,89983,21.22814709,89973,89991,20,-1,3,,,,,,,,,,,,,,,,,,,,,,,,,,,,,,,,,,,,,,,,,,,,,
,,90342,E,,90342,184.3083989,90339,90347,10,1,4,,,,,,,,,,,,,,,,,,,,,,,,,,,,,,,,,,,,,,,,,,,,,
,,90465,R,,90465,234.355679,90463,90467,6,-1,3,,,,,,,,,,,,,,,,,,,,,,,,,,,,,,,,,,,,,,,,,,,,,
,,91299,E,,91299,207.5974391,91297,91303,8,1,4,,,,,,,,,,,,,,,,,,,,,,,,,,,,,,,,,,,,,,,,,,,,,
,,91420,R,,91420,284.4238014,91418,91422,6,-1,3,,,,,,,,,,,,,,,,,,,,,,,,,,,,,,,,,,,,,,,,,,,,,
,,91449,R,,91449,1.159723866,91449,91449,2,,3,,,,,,,,,,,,,,,,,,,,,,,,,,,,,,,,,,,,,,,,,,,,,
,,91884,E,,91884,53.91173872,91882,91888,8,1,4,,,,,,,,,,,,,,,,,,,,,,,,,,,,,,,,,,,,,,,,,,,,,
,,92010,R,,92010,266.9652407,92000,92047,49,-1,3,,,,,,,,,,,,,,,,,,,,,,,,,,,,,,,,,,,,,,,,,,,,,
,,92309,E,,92309,10.90089567,92308,92311,5,1,4,,,,,,,,,,,,,,,,,,,,,,,,,,,,,,,,,,,,,,,,,,,,,
,,92317,E,,92317,236.3861423,92314,92329,17,1,4,,,,,,,,,,,,,,,,,,,,,,,,,,,,,,,,,,,,,,,,,,,,,
,,92441,R,,92441,396.8208323,92437,92490,55,-1,3,,,,,,,,,,,,,,,,,,,,,,,,,,,,,,,,,,,,,,,,,,,,,
,,92858,E,,92858,46.16804936,92856,92860,6,1,4,,,,,,,,,,,,,,,,,,,,,,,,,,,,,,,,,,,,,,,,,,,,,
,,92977,R,,92977,309.4309567,92975,92981,8,-1,3,,,,,,,,,,,,,,,,,,,,,,,,,,,,,,,,,,,,,,,,,,,,,
,,93251,E,,93251,307.003558,93243,93259,18,1,4,,,,,,,,,,,,,,,,,,,,,,,,,,,,,,,,,,,,,,,,,,,,,
,,93371,R,,93371,390.3247764,93368,93411,45,-1,3,,,,,,,,,,,,,,,,,,,,,,,,,,,,,,,,,,,,,,,,,,,,,
,,93805,E,,93805,117.1911829,93803,93810,9,1,4,,,,,,,,,,,,,,,,,,,,,,,,,,,,,,,,,,,,,,,,,,,,,
,,93928,R,,93928,299.4167493,93925,93931,8,-1,3,,,,,,,,,,,,,,,,,,,,,,,,,,,,,,,,,,,,,,,,,,,,,
,,93940,R,,93940,1.946449067,93940,93940,2,,3,,,,,,,,,,,,,,,,,,,,,,,,,,,,,,,,,,,,,,,,,,,,,
,,94203,E,,94203,220.6580741,94200,94214,16,1,4,,,,,,,,,,,,,,,,,,,,,,,,,,,,,,,,,,,,,,,,,,,,,
,,94323,R,,94323,285.2716186,94320,94325,7,-1,3,,,,,,,,,,,,,,,,,,,,,,,,,,,,,,,,,,,,,,,,,,,,,
,,94660,E,,94660,154.4540961,94658,94668,12,1,4,,,,,,,,,,,,,,,,,,,,,,,,,,,,,,,,,,,,,,,,,,,,,
,,94751,R,,94751,326.9265574,94749,94753,6,-1,3,,,,,,,,,,,,,,,,,,,,,,,,,,,,,,,,,,,,,,,,,,,,,
,,95891,E,,95891,187.167973,95889,95896,9,1,4,,,,,,,,,,,,,,,,,,,,,,,,,,,,,,,,,,,,,,,,,,,,,
,,95971,R,,95971,2.48954653,95971,95971,2,,3,,,,,,,,,,,,,,,,,,,,,,,,,,,,,,,,,,,,,,,,,,,,,
,,96010,R,,96010,252.8996043,95974,96051,79,-1,3,,,,,,,,,,,,,,,,,,,,,,,,,,,,,,,,,,,,,,,,,,,,,
,,96393,E,,96393,80.05284488,96391,96396,7,1,4,,,,,,,,,,,,,,,,,,,,,,,,,,,,,,,,,,,,,,,,,,,,,
,,96515,R,,96515,219.1177356,96505,96548,45,-1,3,,,,,,,,,,,,,,,,,,,,,,,,,,,,,,,,,,,,,,,,,,,,,
,,96791,E,,96791,192.6045306,96788,96798,12,1,4,,,,,,,,,,,,,,,,,,,,,,,,,,,,,,,,,,,,,,,,,,,,,
,,96910,R,,96910,315.3754702,96907,96955,50,-1,3,,,,,,,,,,,,,,,,,,,,,,,,,,,,,,,,,,,,,,,,,,,,,
,,97309,E,,97309,136.8283494,97307,97312,7,1,4,,,,,,,,,,,,,,,,,,,,,,,,,,,,,,,,,,,,,,,,,,,,,
,,97410,R,,97410,356.8890409,97407,97416,11,-1,3,,,,,,,,,,,,,,,,,,,,,,,,,,,,,,,,,,,,,,,,,,,,,
,,97714,E,,97714,307.8681868,97704,97731,29,1,4,,,,,,,,,,,,,,,,,,,,,,,,,,,,,,,,,,,,,,,,,,,,,
,,97839,R,,97839,308.9544512,97837,97842,7,-1,3,,,,,,,,,,,,,,,,,,,,,,,,,,,,,,,,,,,,,,,,,,,,,
,,97867,R,,97867,19.86519321,97854,97875,23,-1,3,,,,,,,,,,,,,,,,,,,,,,,,,,,,,,,,,,,,,,,,,,,,,
,,98236,E,,98236,162.3573046,98234,98241,9,1,4,,,,,,,,,,,,,,,,,,,,,,,,,,,,,,,,,,,,,,,,,,,,,
,,98352,R,,98352,250.6269939,98349,98374,27,-1,3,,,,,,,,,,,,,,,,,,,,,,,,,,,,,,,,,,,,,,,,,,,,,
,,98672,E,,98672,209.4729339,98669,98677,10,1,4,,,,,,,,,,,,,,,,,,,,,,,,,,,,,,,,,,,,,,,,,,,,,
,,98785,R,,98785,157.9304575,98784,98787,5,-1,3,,,,,,,,,,,,,,,,,,,,,,,,,,,,,,,,,,,,,,,,,,,,,
,,99186,E,,99186,50.10914991,99184,99189,7,1,4,,,,,,,,,,,,,,,,,,,,,,,,,,,,,,,,,,,,,,,,,,,,,
,,99302,R,,99302,186.2875998,99300,99304,6,-1,3,,,,,,,,,,,,,,,,,,,,,,,,,,,,,,,,,,,,,,,,,,,,,
,,99624,E,,99624,203.6869435,99621,99632,13,1,4,,,,,,,,,,,,,,,,,,,,,,,,,,,,,,,,,,,,,,,,,,,,,
,,99718,R,,99718,152.8822727,99717,99719,4,-1,3,,,,,,,,,,,,,,,,,,,,,,,,,,,,,,,,,,,,,,,,,,,,,
,,100149,E,,100149,76.004632,100147,100153,8,1,4,,,,,,,,,,,,,,,,,,,,,,,,,,,,,,,,,,,,,,,,,,,,,
,,100261,R,,100261,119.6172403,100259,100263,6,-1,3,,,,,,,,,,,,,,,,,,,,,,,,,,,,,,,,,,,,,,,,,,,,,
,,100628,E,,100628,8.575760334,100628,100629,3,,4,,,,,,,,,,,,,,,,,,,,,,,,,,,,,,,,,,,,,,,,,,,,,
,,100649,E,,100649,173.9933608,100645,100667,24,1,4,,,,,,,,,,,,,,,,,,,,,,,,,,,,,,,,,,,,,,,,,,,,,
,,100669,E,,100669,0.772046659,100669,100669,2,,4,,,,,,,,,,,,,,,,,,,,,,,,,,,,,,,,,,,,,,,,,,,,,
,,100674,E,,100674,2.27188777,100673,100675,4,-1,4,,,,,,,,,,,,,,,,,,,,,,,,,,,,,,,,,,,,,,,,,,,,,
,,100770,R,,100770,110.5039728,100769,100771,4,-1,3,,,,,,,,,,,,,,,,,,,,,,,,,,,,,,,,,,,,,,,,,,,,,
,,101758,E,,101758,259.3102689,101756,101761,7,1,4,,,,,,,,,,,,,,,,,,,,,,,,,,,,,,,,,,,,,,,,,,,,,
,,101884,R,,101884,101.9332312,101882,101887,7,-1,3,,,,,,,,,,,,,,,,,,,,,,,,,,,,,,,,,,,,,,,,,,,,,
,,102278,E,,102278,245.5133191,102269,102306,39,1,4,,,,,,,,,,,,,,,,,,,,,,,,,,,,,,,,,,,,,,,,,,,,,
,,102406,R,,102406,238.3386991,102403,102409,8,-1,3,,,,,,,,,,,,,,,,,,,,,,,,,,,,,,,,,,,,,,,,,,,,,
,,102691,E,,102691,323.8358779,102675,102784,111,1,4,,,,,,,,,,,,,,,,,,,,,,,,,,,,,,,,,,,,,,,,,,,,,
,,102803,R,,102803,138.4648599,102802,102804,4,-1,3,,,,,,,,,,,,,,,,,,,,,,,,,,,,,,,,,,,,,,,,,,,,,
,,103137,E,,103137,18.34853396,103136,103140,6,1,4,,,,,,,,,,,,,,,,,,,,,,,,,,,,,,,,,,,,,,,,,,,,,
,,103150,E,,103150,350.0747275,103143,103227,86,1,4,,,,,,,,,,,,,,,,,,,,,,,,,,,,,,,,,,,,,,,,,,,,,
,,103255,R,,103255,257.6307208,103253,103256,5,-1,3,,,,,,,,,,,,,,,,,,,,,,,,,,,,,,,,,,,,,,,,,,,,,
,,104345,E,,104345,258.6099803,104343,104363,22,1,4,,,,,,,,,,,,,,,,,,,,,,,,,,,,,,,,,,,,,,,,,,,,,
,,104457,R,,104457,160.6308381,104454,104482,30,-1,3,,,,,,,,,,,,,,,,,,,,,,,,,,,,,,,,,,,,,,,,,,,,,
,,104846,E,,104846,7.897655898,104844,104847,5,1,4,,,,,,,,,,,,,,,,,,,,,,,,,,,,,,,,,,,,,,,,,,,,,
,,104852,E,,104852,114.8117608,104850,104857,9,1,4,,,,,,,,,,,,,,,,,,,,,,,,,,,,,,,,,,,,,,,,,,,,,
,,104972,R,,104972,157.8306966,104970,104974,6,-1,3,,,,,,,,,,,,,,,,,,,,,,,,,,,,,,,,,,,,,,,,,,,,,
,,105303,E,,105303,232.6229384,105294,105317,25,1,4,,,,,,,,,,,,,,,,,,,,,,,,,,,,,,,,,,,,,,,,,,,,,
,,105423,R,,105423,219.4891284,105421,105425,6,-1,3,,,,,,,,,,,,,,,,,,,,,,,,,,,,,,,,,,,,,,,,,,,,,
,,106005,E,,106005,252.753396,106003,106012,11,1,4,,,,,,,,,,,,,,,,,,,,,,,,,,,,,,,,,,,,,,,,,,,,,
,,106121,R,,106121,89.93504826,106118,106124,8,-1,3,,,,,,,,,,,,,,,,,,,,,,,,,,,,,,,,,,,,,,,,,,,,,
,,106136,R,,106136,2.460111391,106135,106137,4,1,3,,,,,,,,,,,,,,,,,,,,,,,,,,,,,,,,,,,,,,,,,,,,,
,,106152,R,,106152,3.875464891,106152,106152,2,,3,,,,,,,,,,,,,,,,,,,,,,,,,,,,,,,,,,,,,,,,,,,,,
,,106524,E,,106524,84.56025981,106522,106527,7,1,4,,,,,,,,,,,,,,,,,,,,,,,,,,,,,,,,,,,,,,,,,,,,,
,,106639,R,,106639,145.7241773,106637,106641,6,-1,3,,,,,,,,,,,,,,,,,,,,,,,,,,,,,,,,,,,,,,,,,,,,,
,,107635,E,,107635,2.319447732,107635,107636,3,,4,,,,,,,,,,,,,,,,,,,,,,,,,,,,,,,,,,,,,,,,,,,,,
,,107645,E,,107645,341.7630557,107642,107650,10,1,4,,,,,,,,,,,,,,,,,,,,,,,,,,,,,,,,,,,,,,,,,,,,,
,,107754,R,,107754,125.5308695,107752,107756,6,-1,3,,,,,,,,,,,,,,,,,,,,,,,,,,,,,,,,,,,,,,,,,,,,,
,,108180,E,,108180,89.49696396,108177,108185,10,1,4,,,,,,,,,,,,,,,,,,,,,,,,,,,,,,,,,,,,,,,,,,,,,
,,108297,R,,108297,55.63201375,108294,108299,7,-1,3,,,,,,,,,,,,,,,,,,,,,,,,,,,,,,,,,,,,,,,,,,,,,
,,108580,E,,108580,116.2147039,108578,108583,7,1,4,,,,,,,,,,,,,,,,,,,,,,,,,,,,,,,,,,,,,,,,,,,,,
,,108701,R,,108701,218.4736304,108699,108703,6,-1,3,,,,,,,,,,,,,,,,,,,,,,,,,,,,,,,,,,,,,,,,,,,,,
,,109110,E,,109110,174.9698151,109108,109112,6,1,4,,,,,,,,,,,,,,,,,,,,,,,,,,,,,,,,,,,,,,,,,,,,,
,,109212,R,,109212,232.904924,109209,109214,7,-1,3,,,,,,,,,,,,,,,,,,,,,,,,,,,,,,,,,,,,,,,,,,,,,
,,111529,E,,111529,146.4946829,111528,111532,6,1,4,,,,,,,,,,,,,,,,,,,,,,,,,,,,,,,,,,,,,,,,,,,,,
,,111632,R,,111632,121.0193943,111630,111634,6,-1,3,,,,,,,,,,,,,,,,,,,,,,,,,,,,,,,,,,,,,,,,,,,,,
,,112005,E,,112005,7.476632434,112005,112006,3,,4,,,,,,,,,,,,,,,,,,,,,,,,,,,,,,,,,,,,,,,,,,,,,
,,112011,E,,112011,242.7472457,112009,112014,7,1,4,,,,,,,,,,,,,,,,,,,,,,,,,,,,,,,,,,,,,,,,,,,,,
,,112088,R,,112088,10.43566819,112088,112088,2,,3,,,,,,,,,,,,,,,,,,,,,,,,,,,,,,,,,,,,,,,,,,,,,
,,112103,R,,112103,285.3511014,112100,112107,9,-1,3,,,,,,,,,,,,,,,,,,,,,,,,,,,,,,,,,,,,,,,,,,,,,
,,112186,R,,112186,5.490452717,112186,112187,3,,3,,,,,,,,,,,,,,,,,,,,,,,,,,,,,,,,,,,,,,,,,,,,,
,,112535,E,,112535,96.26912546,112533,112537,6,1,4,,,,,,,,,,,,,,,,,,,,,,,,,,,,,,,,,,,,,,,,,,,,,
,,112663,R,,112663,201.2523171,112655,112667,14,-1,3,,,,,,,,,,,,,,,,,,,,,,,,,,,,,,,,,,,,,,,,,,,,,
,,114292,E,,114292,97.86161786,114291,114294,5,1,4,,,,,,,,,,,,,,,,,,,,,,,,,,,,,,,,,,,,,,,,,,,,,
,,114412,R,,114412,99.15522688,114401,114442,43,-1,3,,,,,,,,,,,,,,,,,,,,,,,,,,,,,,,,,,,,,,,,,,,,,
,,115086,E,,115086,98.27779218,115085,115089,6,1,4,,,,,,,,,,,,,,,,,,,,,,,,,,,,,,,,,,,,,,,,,,,,,
,,115221,R,,115221,182.9527349,115216,115223,9,-1,3,,,,,,,,,,,,,,,,,,,,,,,,,,,,,,,,,,,,,,,,,,,,,
,,115526,E,,115526,247.105058,115523,115531,10,1,4,,,,,,,,,,,,,,,,,,,,,,,,,,,,,,,,,,,,,,,,,,,,,
,,115624,R,,115624,258.9124951,115622,115627,7,-1,3,,,,,,,,,,,,,,,,,,,,,,,,,,,,,,,,,,,,,,,,,,,,,
,,117263,E,,117263,184.5187121,117261,117265,6,1,4,,,,,,,,,,,,,,,,,,,,,,,,,,,,,,,,,,,,,,,,,,,,,
,,117404,R,,117404,144.5417934,117399,117406,9,-1,3,,,,,,,,,,,,,,,,,,,,,,,,,,,,,,,,,,,,,,,,,,,,,
,,117437,R,,117437,1.503189292,117437,117437,2,,3,,,,,,,,,,,,,,,,,,,,,,,,,,,,,,,,,,,,,,,,,,,,,
,,119372,E,,119372,0.916018074,119372,119372,2,,4,,,,,,,,,,,,,,,,,,,,,,,,,,,,,,,,,,,,,,,,,,,,,
,,119378,E,,119378,264.493271,119376,119381,7,1,4,,,,,,,,,,,,,,,,,,,,,,,,,,,,,,,,,,,,,,,,,,,,,
,,119499,R,,119499,202.4472055,119496,119501,7,-1,3,,,,,,,,,,,,,,,,,,,,,,,,,,,,,,,,,,,,,,,,,,,,,
,,120821,E,,120821,130.5829781,120819,120826,9,1,4,,,,,,,,,,,,,,,,,,,,,,,,,,,,,,,,,,,,,,,,,,,,,
,,120957,R,,120957,157.4251713,120955,120959,6,-1,3,,,,,,,,,,,,,,,,,,,,,,,,,,,,,,,,,,,,,,,,,,,,,
,,121636,E,,121636,142.4408442,121634,121640,8,1,4,,,,,,,,,,,,,,,,,,,,,,,,,,,,,,,,,,,,,,,,,,,,,
,,121769,R,,121769,162.3608053,121767,121771,6,-1,3,,,,,,,,,,,,,,,,,,,,,,,,,,,,,,,,,,,,,,,,,,,,,
,,122074,E,,122074,64.1947048,122073,122077,6,1,4,,,,,,,,,,,,,,,,,,,,,,,,,,,,,,,,,,,,,,,,,,,,,
,,122207,R,,122207,101.8612085,122205,122208,5,-1,3,,,,,,,,,,,,,,,,,,,,,,,,,,,,,,,,,,,,,,,,,,,,,
,,123530,E,,123530,72.53066258,123528,123532,6,1,4,,,,,,,,,,,,,,,,,,,,,,,,,,,,,,,,,,,,,,,,,,,,,
,,123663,R,,123663,138.9141532,123658,123669,13,-1,3,,,,,,,,,,,,,,,,,,,,,,,,,,,,,,,,,,,,,,,,,,,,,
,,123681,R,,123681,1.946449067,123681,123681,2,,3,,,,,,,,,,,,,,,,,,,,,,,,,,,,,,,,,,,,,,,,,,,,,
,,125832,E,,125832,89.9408885,125830,125834,6,1,4,,,,,,,,,,,,,,,,,,,,,,,,,,,,,,,,,,,,,,,,,,,,,
,,125986,R,,125986,72.56836142,125983,125988,7,-1,3,,,,,,,,,,,,,,,,,,,,,,,,,,,,,,,,,,,,,,,,,,,,,
,,126243,E,,126243,84.63440629,126241,126247,8,1,4,,,,,,,,,,,,,,,,,,,,,,,,,,,,,,,,,,,,,,,,,,,,,
,,126360,R,,126360,74.09292813,126358,126361,5,-1,3,,,,,,,,,,,,,,,,,,,,,,,,,,,,,,,,,,,,,,,,,,,,,
,,127396,E,,127396,113.481223,127394,127398,6,1,4,,,,,,,,,,,,,,,,,,,,,,,,,,,,,,,,,,,,,,,,,,,,,
,,127536,R,,127536,57.00011166,127534,127538,6,-1,3,,,,,,,,,,,,,,,,,,,,,,,,,,,,,,,,,,,,,,,,,,,,,
,,128401,E,,128401,52.4457392,128399,128403,6,1,4,,,,,,,,,,,,,,,,,,,,,,,,,,,,,,,,,,,,,,,,,,,,,
,,128529,R,,128529,86.74018341,128526,128531,7,-1,3,,,,,,,,,,,,,,,,,,,,,,,,,,,,,,,,,,,,,,,,,,,,,
,,128816,E,,128816,41.70383898,128815,128818,5,1,4,,,,,,,,,,,,,,,,,,,,,,,,,,,,,,,,,,,,,,,,,,,,,
,,128947,R,,128947,141.2549655,128943,128949,8,-1,3,,,,,,,,,,,,,,,,,,,,,,,,,,,,,,,,,,,,,,,,,,,,,
,,133089,E,,133089,51.61611065,133088,133091,5,1,4,,,,,,,,,,,,,,,,,,,,,,,,,,,,,,,,,,,,,,,,,,,,,
,,133173,R,,133173,90.45192165,133172,133175,5,-1,3,,,,,,,,,,,,,,,,,,,,,,,,,,,,,,,,,,,,,,,,,,,,,
,,133476,E,,133476,19.03086397,133475,133478,5,1,4,,,,,,,,,,,,,,,,,,,,,,,,,,,,,,,,,,,,,,,,,,,,,
,,133616,R,,133616,88.72606862,133614,133618,6,-1,3,,,,,,,,,,,,,,,,,,,,,,,,,,,,,,,,,,,,,,,,,,,,,
,,133917,E,,133917,28.86183315,133915,133921,8,1,4,,,,,,,,,,,,,,,,,,,,,,,,,,,,,,,,,,,,,,,,,,,,,
,,134035,R,,134035,60.43600704,134034,134037,5,-1,3,,,,,,,,,,,,,,,,,,,,,,,,,,,,,,,,,,,,,,,,,,,,,
,,145277,E,,145277,145.1343107,145275,145281,8,1,4,,,,,,,,,,,,,,,,,,,,,,,,,,,,,,,,,,,,,,,,,,,,,
,,145444,R,,145444,105.0477823,145442,145446,6,-1,3,,,,,,,,,,,,,,,,,,,,,,,,,,,,,,,,,,,,,,,,,,,,,