mutant serotonin control 0.abf,,,,,,,,,,,,,,,,,,,,,,,,,,,,,,,,,,,,,,,,,,,,,,,,,,,,,,,,
Sample_Rate,,Peaks,Annot,,loc,sumP,begin,term,length,sign,class,,,R_loc,R_sumP,R_length,E_loc,E_sumP,E_length,r2_loc,r2_sumP,r2_length,e1_loc,e1_sumP,e1_length,numIPSP,sumIPSP,numEPSP,sumEPSP,,,IPSP_loc,IPSP_sumP,IPSP_begin,IPSP_term,IPSP_length,IPSP_sign,IPSP_class,,,EPSP_loc,EPSP_sumP,EPSP_begin,EPSP_term,EPSP_length,EPSP_sign,EPSP_class,,,,spkName,label,R,G,B,classID
1000,,52,i,,52,3.216638646,50,53,5,-1,8,,,15063,-1105.363823,15,14705,80.03744507,22,0,0,0,14695,3.450973749,4,6,174.1432156,0,0,,,14729,58.3443409,14718,14749,33,1,7,,,52,3.216638646,50,53,5,-1,8,,,,unclassified,,0.5,0.5,0.5,1
,,3124,i,,3124,0.719091316,3124,3124,2,,8,,,25452,-479.1893231,12,25094,3.965717554,5,0,0,0,0,0,0,2,26.16828731,12,155.9246673,,,14779,24.35055735,14766,14784,20,1,7,,,3124,0.719091316,3124,3124,2,,8,,,,pump,,0,0,1,2
,,3131,i,,3131,6.531686811,3128,3134,8,-1,8,,,57906,-1078.86885,14,57659,11.71333504,10,0,0,0,0,0,0,5,96.59047543,19,147.4832177,,,14836,38.48560642,14833,14842,11,-1,7,,,3131,6.531686811,3128,3134,8,-1,8,,,,R,R,0,1,0,3
,,5920,i,,5920,6.727056589,5917,5921,6,-1,8,,,79899,-896.3001995,12,79545,43.99969101,15,0,0,0,0,0,0,5,46.08089709,27,193.1370672,,,14868,0.923439026,14868,14868,2,,7,,,5920,6.727056589,5917,5921,6,-1,8,,,,E,E,1,0,0,4
,,5926,i,,5926,4.003288594,5924,5928,6,-1,8,,,80368,-623.5211322,14,80106,118.2970276,9,0,0,0,0,0,0,6,118.8365533,0,0,,,14917,35.29886767,14911,14925,16,-1,7,,,5926,4.003288594,5924,5928,6,-1,8,,,,r2,r,1,1,0,5
,,6934,i,,6934,12.51741036,6925,6938,15,1,8,,,80948,-142.8070945,11,80731,-6.629321575,7,80965,-18.03266716,15,0,0,0,0,0,0,0,,,14952,7.196363318,14951,14953,4,-1,7,,,6934,12.51741036,6925,6938,15,1,8,,,,e1,e,1,0,1,6
,,6940,i,,6940,0.719091316,6940,6940,2,,8,,,94198,-442.6743506,13,93815,50.26303864,15,0,0,0,0,0,0,4,63.73761893,27,200.1638729,,,14973,10.4674799,14972,14974,4,-1,7,,,6940,0.719091316,6940,6940,2,,8,,,,IPSP,P,0,1,1,7
,,6996,i,,6996,14.66597504,6989,7003,16,1,8,,,120043,-957.0618957,12,119647,70.06648254,8,0,0,0,0,0,0,1,7.845865393,4,33.08221485,,,25087,16.84843465,25084,25091,9,-1,7,,,6996,14.66597504,6989,7003,16,1,8,,,,EPSP,i,1,0.8,0,8
,,7371,i,,7371,0.923439026,7371,7371,2,,8,,,139071,-1081.7834,12,138706,112.5195923,14,0,0,0,0,0,0,5,62.10648829,27,178.2671298,,,25119,13.96901861,25117,25127,12,-1,7,,,7371,0.923439026,7371,7371,2,,8,,,,,,,,,
,,7659,i,,7659,4.34448038,7657,7661,6,1,8,,,161803,-1053.296215,12,161383,100.3934631,9,0,0,0,0,0,0,3,44.4933492,21,167.4363463,,,25156,12.1992687,25150,25160,12,-1,7,,,7659,4.34448038,7657,7661,6,1,8,,,,,,,,,
,,7702,i,,7702,9.368330346,7694,7703,11,-1,8,,,170665,-1382.751833,13,170175,110.4440689,14,0,0,0,170144,19.62390518,21,5,101.1269628,10,67.0020933,,,25366,2.390834456,25366,25367,3,,7,,,7702,9.368330346,7694,7703,11,-1,8,,,,,,,,,
,,8947,i,,8947,2.088851911,8947,8949,4,,8,,,171255,-749.5940549,12,170863,187.9610291,14,0,0,0,0,0,0,10,130.5427515,0,0,,,57605,8.996234533,57605,57606,3,,7,,,8947,2.088851911,8947,8949,4,,8,,,,,,,,,
,,11936,i,,11936,4.47142812,11935,11937,4,1,8,,,,,,,,,,,,,,,,,,,,,57639,62.07439968,57634,57648,16,-1,7,,,11936,4.47142812,11935,11937,4,1,8,,,,,,,,,
,,14639,e,,14639,6.288129861,14637,14642,7,1,6,,,,,,,,,,,,,,,,,,,,,57689,32.60323138,57681,57694,15,-1,7,,,15246,28.5045114,15242,15260,20,-1,8,,,,,,,,,
,,14663,e,,14663,1.263767405,14663,14663,2,,6,,,,,,,,,,,,,,,,,,,,,57736,17.42814061,57734,57740,8,-1,7,,,15408,12.8658899,15404,15419,17,-1,8,,,,,,,,,
,,14695,e,,14695,3.450973836,14694,14696,4,1,6,,,,,,,,,,,,,,,,,,,,,57782,0.719091316,57782,57782,2,,7,,,15421,0.923439026,15421,15421,2,,8,,,,,,,,,
,,14705,E,,14705,80.03744645,14697,14717,22,1,4,,,,,,,,,,,,,,,,,,,,,57791,4.539957247,57790,57792,4,-1,7,,,15460,4.547964683,15458,15462,6,-1,8,,,,,,,,,
,,14729,P,,14729,58.3443409,14718,14749,33,1,7,,,,,,,,,,,,,,,,,,,,,57797,6.493252254,57795,57800,7,1,7,,,15467,21.28730037,15464,15482,20,-1,8,,,,,,,,,
,,14779,P,,14779,24.35055735,14766,14784,20,1,7,,,,,,,,,,,,,,,,,,,,,57804,1.642530342,57804,57805,3,,7,,,16015,5.735195525,16013,16016,5,-1,8,,,,,,,,,
,,14836,P,,14836,38.48560642,14833,14842,11,-1,7,,,,,,,,,,,,,,,,,,,,,57834,3.101667526,57834,57834,2,,7,,,16591,14.72536415,16581,16593,14,-1,8,,,,,,,,,
,,14843,R,,14843,3.480330357,14843,14844,3,,3,,,,,,,,,,,,,,,,,,,,,57842,35.52589394,57839,57848,11,1,7,,,17950,1.263767405,17950,17950,2,,8,,,,,,,,,
,,14868,P,,14868,0.923439026,14868,14868,2,,7,,,,,,,,,,,,,,,,,,,,,79668,4.955427928,79668,79672,6,,7,,,18641,17.04941465,18639,18653,16,1,8,,,,,,,,,
,,14917,P,,14917,35.29886767,14911,14925,16,-1,7,,,,,,,,,,,,,,,,,,,,,79696,2.088851911,79695,79697,4,-1,7,,,19096,1.846878051,19096,19097,3,,8,,,,,,,,,
,,14952,P,,14952,7.196363318,14951,14953,4,-1,7,,,,,,,,,,,,,,,,,,,,,79733,7.718305058,79732,79737,7,-1,7,,,19106,6.327284102,19103,19109,8,-1,8,,,,,,,,,
,,14973,P,,14973,10.4674799,14972,14974,4,-1,7,,,,,,,,,,,,,,,,,,,,,79791,10.29803084,79789,79792,5,1,7,,,19185,20.1886717,19180,19196,18,-1,8,,,,,,,,,
,,15063,R,,15063,1105.363823,15054,15067,15,-1,3,,,,,,,,,,,,,,,,,,,,,79818,8.730662918,79817,79820,5,-1,7,,,19211,3.178347811,19210,19212,4,-1,8,,,,,,,,,
,,15246,i,,15246,28.5045114,15242,15260,20,-1,8,,,,,,,,,,,,,,,,,,,,,79841,17.24504636,79838,79850,14,-1,7,,,19217,4.92672762,19214,19219,7,1,8,,,,,,,,,
,,15408,i,,15408,12.8658899,15404,15419,17,-1,8,,,,,,,,,,,,,,,,,,,,,80175,25.61479661,80171,80181,12,-1,7,,,19317,1.642530342,19317,19318,3,,8,,,,,,,,,
,,15421,i,,15421,0.923439026,15421,15421,2,,8,,,,,,,,,,,,,,,,,,,,,80206,13.92396501,80204,80211,9,-1,7,,,19632,0.923439026,19632,19632,2,,8,,,,,,,,,
,,15460,i,,15460,4.547964683,15458,15462,6,-1,8,,,,,,,,,,,,,,,,,,,,,80227,36.0976186,80224,80233,11,-1,7,,,20290,0.650669278,20290,20290,2,,8,,,,,,,,,
,,15467,i,,15467,21.28730037,15464,15482,20,-1,8,,,,,,,,,,,,,,,,,,,,,80276,24.80607964,80272,80284,14,-1,7,,,22591,16.58799539,22587,22605,20,1,8,,,,,,,,,
,,16015,i,,16015,5.735195525,16013,16016,5,-1,8,,,,,,,,,,,,,,,,,,,,,80323,9.565183109,80317,80324,9,-1,7,,,25707,16.66207944,25701,25712,13,-1,8,,,,,,,,,
,,16591,i,,16591,14.72536415,16581,16593,14,-1,8,,,,,,,,,,,,,,,,,,,,,80336,8.82891035,80335,80337,4,-1,7,,,28306,8.483694645,28302,28311,11,1,8,,,,,,,,,
,,17950,i,,17950,1.263767405,17950,17950,2,,8,,,,,,,,,,,,,,,,,,,,,80473,21.25660036,80472,80474,4,-1,7,,,28374,4.34448038,28372,28376,6,1,8,,,,,,,,,
,,18641,i,,18641,17.04941465,18639,18653,16,1,8,,,,,,,,,,,,,,,,,,,,,93951,4.850810635,93949,93952,5,1,7,,,28810,10.65416652,28805,28812,9,-1,8,,,,,,,,,
,,19096,i,,19096,1.846878051,19096,19097,3,,8,,,,,,,,,,,,,,,,,,,,,93974,7.10520693,93971,93976,7,1,7,,,28819,5.130211923,28816,28821,7,1,8,,,,,,,,,
,,19106,i,,19106,6.327284102,19103,19109,8,-1,8,,,,,,,,,,,,,,,,,,,,,93978,1.642530342,93978,93979,3,,7,,,29730,9.39840655,29726,29734,10,-1,8,,,,,,,,,
,,19185,i,,19185,20.1886717,19180,19196,18,-1,8,,,,,,,,,,,,,,,,,,,,,93984,0.719091316,93984,93984,2,,7,,,29841,4.004152,29838,29842,6,1,8,,,,,,,,,
,,19211,i,,19211,3.178347811,19210,19212,4,-1,8,,,,,,,,,,,,,,,,,,,,,93997,22.85282395,93994,93999,7,-1,7,,,29903,0.923439026,29903,29903,2,,8,,,,,,,,,
,,19217,i,,19217,4.92672762,19214,19219,7,1,8,,,,,,,,,,,,,,,,,,,,,94038,1.642530342,94038,94039,3,,7,,,31395,20.56752336,31392,31409,19,1,8,,,,,,,,,
,,19317,i,,19317,1.642530342,19317,19318,3,,8,,,,,,,,,,,,,,,,,,,,,94056,2.352750816,94056,94056,2,,7,,,31671,5.947288992,31668,31673,7,-1,8,,,,,,,,,
,,19632,i,,19632,0.923439026,19632,19632,2,,8,,,,,,,,,,,,,,,,,,,,,94073,28.92877741,94069,94082,15,-1,7,,,32560,1.369760594,32560,32561,3,,8,,,,,,,,,
,,20290,i,,20290,0.650669278,20290,20290,2,,8,,,,,,,,,,,,,,,,,,,,,94172,0.923439026,94172,94172,2,,7,,,32564,0.923439026,32564,32564,2,,8,,,,,,,,,
,,22591,i,,22591,16.58799539,22587,22605,20,1,8,,,,,,,,,,,,,,,,,,,,,119822,3.987077646,119822,119822,2,,7,,,32591,4.170065153,32590,32593,5,-1,8,,,,,,,,,
,,25061,e,,25061,18.56222443,25055,25064,11,-1,6,,,,,,,,,,,,,,,,,,,,,119832,7.845865393,119831,119834,5,-1,7,,,32610,0.650669278,32610,32610,2,,8,,,,,,,,,
,,25065,E,,25065,0.719091316,25065,25065,2,,4,,,,,,,,,,,,,,,,,,,,,138854,8.990799583,138849,138857,10,1,7,,,34385,2.390834456,34385,34386,3,,8,,,,,,,,,
,,25073,e,,25073,13.18847659,25066,25077,13,-1,6,,,,,,,,,,,,,,,,,,,,,138899,4.335609537,138898,138900,4,1,7,,,35544,0.719091316,35544,35544,2,,8,,,,,,,,,
,,25081,E,,25081,19.1839594,25080,25083,5,1,4,,,,,,,,,,,,,,,,,,,,,138907,17.46973629,138902,138911,11,-1,7,,,36183,1.846878051,36183,36184,3,,8,,,,,,,,,
,,25087,P,,25087,16.84843465,25084,25091,9,-1,7,,,,,,,,,,,,,,,,,,,,,138939,0.719091316,138939,138939,2,,7,,,38019,1.642530342,38019,38020,3,,8,,,,,,,,,
,,25094,E,,25094,3.965717443,25092,25095,5,1,4,,,,,,,,,,,,,,,,,,,,,139004,11.90186495,139003,139007,6,1,7,,,38484,6.735314836,38480,38486,8,1,8,,,,,,,,,
,,25119,P,,25119,13.96901861,25117,25127,12,-1,7,,,,,,,,,,,,,,,,,,,,,139025,19.40847792,139020,139028,10,1,7,,,38501,0.719091316,38501,38501,2,,8,,,,,,,,,
,,25156,P,,25156,12.1992687,25150,25160,12,-1,7,,,,,,,,,,,,,,,,,,,,,161642,35.17162294,161640,161647,9,-1,7,,,38618,9.399126234,38614,38622,10,-1,8,,,,,,,,,
,,25366,P,,25366,2.390834456,25366,25367,3,,7,,,,,,,,,,,,,,,,,,,,,161668,2.943868898,161667,161670,5,1,7,,,38627,4.004152,38624,38628,6,-1,8,,,,,,,,,
,,25452,R,,25452,479.1893231,25446,25456,12,-1,3,,,,,,,,,,,,,,,,,,,,,161704,6.377857367,161703,161705,4,-1,7,,,39060,0.923439026,39060,39060,2,,8,,,,,,,,,
,,25707,i,,25707,16.66207944,25701,25712,13,-1,8,,,,,,,,,,,,,,,,,,,,,161764,1.740165178,161764,161764,2,,7,,,39529,0.719091316,39529,39529,2,,8,,,,,,,,,
,,28306,i,,28306,8.483694645,28302,28311,11,1,8,,,,,,,,,,,,,,,,,,,,,161776,3.987077646,161776,161776,2,,7,,,41581,14.19044067,41576,41590,16,1,8,,,,,,,,,
,,28374,i,,28374,4.34448038,28372,28376,6,1,8,,,,,,,,,,,,,,,,,,,,,161779,0.923439026,161779,161779,2,,7,,,41700,8.135358829,41696,41703,9,-1,8,,,,,,,,,
,,28810,i,,28810,10.65416652,28805,28812,9,-1,8,,,,,,,,,,,,,,,,,,,,,170216,0.923439026,170216,170216,2,,7,,,41748,3.790933448,41747,41749,4,1,8,,,,,,,,,
,,28819,i,,28819,5.130211923,28816,28821,7,1,8,,,,,,,,,,,,,,,,,,,,,170290,3.109925773,170289,170291,4,-1,7,,,43035,1.982858722,43035,43036,3,,8,,,,,,,,,
,,29730,i,,29730,9.39840655,29726,29734,10,-1,8,,,,,,,,,,,,,,,,,,,,,170457,28.75185532,170455,170461,8,-1,7,,,43640,1.846878051,43640,43641,3,,8,,,,,,,,,
,,29841,i,,29841,4.004152,29838,29842,6,1,8,,,,,,,,,,,,,,,,,,,,,170498,27.48984021,170492,170503,13,-1,7,,,46138,0.719091316,46138,46138,2,,8,,,,,,,,,
,,29903,i,,29903,0.923439026,29903,29903,2,,8,,,,,,,,,,,,,,,,,,,,,170559,28.2987009,170556,170565,11,-1,7,,,46555,3.92685912,46554,46556,4,-1,8,,,,,,,,,
,,31395,i,,31395,20.56752336,31392,31409,19,1,8,,,,,,,,,,,,,,,,,,,,,170588,13.47664058,170585,170591,8,-1,7,,,50240,2.187206431,50240,50241,3,,8,,,,,,,,,
,,31671,i,,31671,5.947288992,31668,31673,7,-1,8,,,,,,,,,,,,,,,,,,,,,170635,2.352750816,170635,170635,2,,7,,,50700,3.798885886,50699,50703,6,-1,8,,,,,,,,,
,,32560,i,,32560,1.369760594,32560,32561,3,,8,,,,,,,,,,,,,,,,,,,,,170642,1.263767405,170642,170642,2,,7,,,50751,4.140077671,50750,50754,6,-1,8,,,,,,,,,
,,32564,i,,32564,0.923439026,32564,32564,2,,8,,,,,,,,,,,,,,,,,,,,,170656,8.89725487,170656,170656,2,,7,,,50884,0.719091316,50884,50884,2,,8,,,,,,,,,
,,32591,i,,32591,4.170065153,32590,32593,5,-1,8,,,,,,,,,,,,,,,,,,,,,170887,23.6228291,170884,170890,8,-1,7,,,52259,0.719091316,52259,52259,2,,8,,,,,,,,,
,,32610,i,,32610,0.650669278,32610,32610,2,,8,,,,,,,,,,,,,,,,,,,,,170962,19.92666982,170960,170969,11,1,7,,,52262,0.719091316,52262,52262,2,,8,,,,,,,,,
,,34385,i,,34385,2.390834456,34385,34386,3,,8,,,,,,,,,,,,,,,,,,,,,171001,0.719091316,171001,171001,2,,7,,,53263,1.982858722,53263,53264,3,,8,,,,,,,,,
,,35544,i,,35544,0.719091316,35544,35544,2,,8,,,,,,,,,,,,,,,,,,,,,171005,4.025106551,171005,171006,3,,7,,,53266,1.574108304,53266,53267,3,,8,,,,,,,,,
,,36183,i,,36183,1.846878051,36183,36184,3,,8,,,,,,,,,,,,,,,,,,,,,171009,10.54792252,171008,171014,8,1,7,,,61195,3.935729962,61192,61196,6,1,8,,,,,,,,,
,,38019,i,,38019,1.642530342,38019,38020,3,,8,,,,,,,,,,,,,,,,,,,,,171024,0.923439026,171024,171024,2,,7,,,62049,1.301338556,62049,62050,3,,8,,,,,,,,,
,,38484,i,,38484,6.735314836,38480,38486,8,1,8,,,,,,,,,,,,,,,,,,,,,171030,0.719091316,171030,171030,2,,7,,,62052,0.719091316,62052,62052,2,,8,,,,,,,,,
,,38501,i,,38501,0.719091316,38501,38501,2,,8,,,,,,,,,,,,,,,,,,,,,171085,18.37691202,171083,171089,8,-1,7,,,62860,0.923439026,62860,62860,2,,8,,,,,,,,,
,,38618,i,,38618,9.399126234,38614,38622,10,-1,8,,,,,,,,,,,,,,,,,,,,,171092,2.157273949,171091,171093,4,-1,7,,,63831,9.981797241,63827,63836,11,1,8,,,,,,,,,
,,38627,i,,38627,4.004152,38624,38628,6,-1,8,,,,,,,,,,,,,,,,,,,,,171131,18.28104159,171128,171135,9,-1,7,,,64200,2.701950038,64199,64201,4,-1,8,,,,,,,,,
,,39060,i,,39060,0.923439026,39060,39060,2,,8,,,,,,,,,,,,,,,,,,,,,171162,16.30049795,171156,171170,16,-1,7,,,64210,3.556967025,64209,64212,5,1,8,,,,,,,,,
,,39529,i,,39529,0.719091316,39529,39529,2,,8,,,,,,,,,,,,,,,,,,,,,171173,3.38269552,171172,171174,4,-1,7,,,64423,8.951834171,64421,64428,9,1,8,,,,,,,,,
,,41581,i,,41581,14.19044067,41576,41590,16,1,8,,,,,,,,,,,,,,,,,,,,,171184,1.982858722,171184,171185,3,,7,,,65144,5.169564885,65140,65146,8,-1,8,,,,,,,,,
,,41700,i,,41700,8.135358829,41696,41703,9,-1,8,,,,,,,,,,,,,,,,,,,,,171215,0.923439026,171215,171215,2,,7,,,65365,4.995149658,65364,65369,7,-1,8,,,,,,,,,
,,41748,i,,41748,3.790933448,41747,41749,4,1,8,,,,,,,,,,,,,,,,,,,,,171226,12.3090975,171225,171229,6,-1,7,,,65852,9.368787837,65845,65854,11,1,8,,,,,,,,,
,,43035,i,,43035,1.982858722,43035,43036,3,,8,,,,,,,,,,,,,,,,,,,,,171234,5.6378115,171232,171236,6,1,7,,,65920,0.923439026,65920,65920,2,,8,,,,,,,,,
,,43640,i,,43640,1.846878051,43640,43641,3,,8,,,,,,,,,,,,,,,,,,,,,,,,,,,,,,66824,6.45490642,66823,66827,6,1,8,,,,,,,,,
,,46138,i,,46138,0.719091316,46138,46138,2,,8,,,,,,,,,,,,,,,,,,,,,,,,,,,,,,68135,0.923439026,68135,68135,2,,8,,,,,,,,,
,,46555,i,,46555,3.92685912,46554,46556,4,-1,8,,,,,,,,,,,,,,,,,,,,,,,,,,,,,,68241,4.889156469,68239,68243,6,-1,8,,,,,,,,,
,,50240,i,,50240,2.187206431,50240,50241,3,,8,,,,,,,,,,,,,,,,,,,,,,,,,,,,,,68510,5.743453772,68506,68511,7,-1,8,,,,,,,,,
,,50700,i,,50700,3.798885886,50699,50703,6,-1,8,,,,,,,,,,,,,,,,,,,,,,,,,,,,,,68970,12.3734951,68968,68979,13,-1,8,,,,,,,,,
,,50751,i,,50751,4.140077671,50750,50754,6,-1,8,,,,,,,,,,,,,,,,,,,,,,,,,,,,,,69986,0.923439026,69986,69986,2,,8,,,,,,,,,
,,50884,i,,50884,0.719091316,50884,50884,2,,8,,,,,,,,,,,,,,,,,,,,,,,,,,,,,,71733,6.977089974,71728,71735,9,1,8,,,,,,,,,
,,52259,i,,52259,0.719091316,52259,52259,2,,8,,,,,,,,,,,,,,,,,,,,,,,,,,,,,,71742,4.577528398,71740,71743,5,-1,8,,,,,,,,,
,,52262,i,,52262,0.719091316,52262,52262,2,,8,,,,,,,,,,,,,,,,,,,,,,,,,,,,,,71970,6.63768,71968,71975,9,-1,8,,,,,,,,,
,,53263,i,,53263,1.982858722,53263,53264,3,,8,,,,,,,,,,,,,,,,,,,,,,,,,,,,,,73130,2.943868898,73129,73132,5,-1,8,,,,,,,,,
,,53266,i,,53266,1.574108304,53266,53267,3,,8,,,,,,,,,,,,,,,,,,,,,,,,,,,,,,73168,16.52121144,73161,73179,20,-1,8,,,,,,,,,
,,57568,e,,57568,6.084133068,57566,57571,7,1,6,,,,,,,,,,,,,,,,,,,,,,,,,,,,,,73211,0.719091316,73211,73211,2,,8,,,,,,,,,
,,57577,E,,57577,89.06831684,57572,57597,27,1,4,,,,,,,,,,,,,,,,,,,,,,,,,,,,,,73314,15.44592149,73306,73319,15,-1,8,,,,,,,,,
,,57604,E,,57604,10.46785412,57604,57604,2,,4,,,,,,,,,,,,,,,,,,,,,,,,,,,,,,73325,1.263767405,73325,73325,2,,8,,,,,,,,,
,,57605,P,,57605,8.996234533,57605,57606,3,,7,,,,,,,,,,,,,,,,,,,,,,,,,,,,,,73331,2.29319962,73330,73332,4,-1,8,,,,,,,,,
,,57608,E,,57608,7.464059804,57608,57608,2,,4,,,,,,,,,,,,,,,,,,,,,,,,,,,,,,73340,2.29319962,73339,73341,4,1,8,,,,,,,,,
,,57610,e,,57610,9.549114134,57609,57612,5,1,6,,,,,,,,,,,,,,,,,,,,,,,,,,,,,,73344,0.719091316,73344,73344,2,,8,,,,,,,,,
,,57613,E,,57613,2.459256495,57613,57614,3,,4,,,,,,,,,,,,,,,,,,,,,,,,,,,,,,73355,5.02508214,73353,73357,6,1,8,,,,,,,,,
,,57615,e,,57615,2.352750816,57615,57615,2,,6,,,,,,,,,,,,,,,,,,,,,,,,,,,,,,73790,0.719091316,73790,73790,2,,8,,,,,,,,,
,,57617,E,,57617,3.109925773,57616,57618,4,1,4,,,,,,,,,,,,,,,,,,,,,,,,,,,,,,74106,3.58704323,74105,74107,4,1,8,,,,,,,,,
,,57620,E,,57620,2.352750816,57620,57620,2,,4,,,,,,,,,,,,,,,,,,,,,,,,,,,,,,76454,6.560899609,76453,76458,7,1,8,,,,,,,,,
,,57630,E,,57630,7.134932218,57627,57631,6,1,4,,,,,,,,,,,,,,,,,,,,,,,,,,,,,,77368,12.37298261,77362,77373,13,1,8,,,,,,,,,
,,57633,E,,57633,3.987077646,57633,57633,2,,4,,,,,,,,,,,,,,,,,,,,,,,,,,,,,,77970,1.914436683,77970,77971,3,,8,,,,,,,,,
,,57639,P,,57639,62.07439968,57634,57648,16,-1,7,,,,,,,,,,,,,,,,,,,,,,,,,,,,,,77981,2.361621658,77980,77982,4,-1,8,,,,,,,,,
,,57659,E,,57659,11.7133354,57653,57661,10,1,4,,,,,,,,,,,,,,,,,,,,,,,,,,,,,,78752,22.6049386,78746,78770,26,1,8,,,,,,,,,
,,57689,P,,57689,32.60323138,57681,57694,15,-1,7,,,,,,,,,,,,,,,,,,,,,,,,,,,,,,78773,4.81200731,78772,78774,4,-1,8,,,,,,,,,
,,57736,P,,57736,17.42814061,57734,57740,8,-1,7,,,,,,,,,,,,,,,,,,,,,,,,,,,,,,83845,3.216638646,83844,83847,5,-1,8,,,,,,,,,
,,57782,P,,57782,0.719091316,57782,57782,2,,7,,,,,,,,,,,,,,,,,,,,,,,,,,,,,,83883,17.8356592,83876,83891,17,-1,8,,,,,,,,,
,,57791,P,,57791,4.539957247,57790,57792,4,-1,7,,,,,,,,,,,,,,,,,,,,,,,,,,,,,,83963,8.202710267,83958,83965,9,-1,8,,,,,,,,,
,,57797,P,,57797,6.493252254,57795,57800,7,1,7,,,,,,,,,,,,,,,,,,,,,,,,,,,,,,83968,3.246626127,83967,83969,4,-1,8,,,,,,,,,
,,57804,P,,57804,1.642530342,57804,57805,3,,7,,,,,,,,,,,,,,,,,,,,,,,,,,,,,,84229,14.59841641,84227,84241,16,-1,8,,,,,,,,,
,,57834,P,,57834,3.101667526,57834,57834,2,,7,,,,,,,,,,,,,,,,,,,,,,,,,,,,,,84244,2.739521189,84243,84246,5,-1,8,,,,,,,,,
,,57842,P,,57842,35.52589394,57839,57848,11,1,7,,,,,,,,,,,,,,,,,,,,,,,,,,,,,,84301,10.16307645,84295,84307,14,-1,8,,,,,,,,,
,,57906,R,,57906,1078.86885,57899,57911,14,-1,3,,,,,,,,,,,,,,,,,,,,,,,,,,,,,,84373,1.740165178,84373,84373,2,,8,,,,,,,,,
,,61195,i,,61195,3.935729962,61192,61196,6,1,8,,,,,,,,,,,,,,,,,,,,,,,,,,,,,,84441,9.980510068,84437,84446,11,1,8,,,,,,,,,
,,62049,i,,62049,1.301338556,62049,62050,3,,8,,,,,,,,,,,,,,,,,,,,,,,,,,,,,,84486,5.782663012,84481,84487,8,1,8,,,,,,,,,
,,62052,i,,62052,0.719091316,62052,62052,2,,8,,,,,,,,,,,,,,,,,,,,,,,,,,,,,,84490,3.352619316,84489,84492,5,1,8,,,,,,,,,
,,62860,i,,62860,0.923439026,62860,62860,2,,8,,,,,,,,,,,,,,,,,,,,,,,,,,,,,,84721,4.820878153,84719,84723,6,-1,8,,,,,,,,,
,,63831,i,,63831,9.981797241,63827,63836,11,1,8,,,,,,,,,,,,,,,,,,,,,,,,,,,,,,85451,7.930660203,85450,85457,9,1,8,,,,,,,,,
,,64200,i,,64200,2.701950038,64199,64201,4,-1,8,,,,,,,,,,,,,,,,,,,,,,,,,,,,,,86835,6.492621293,86833,86838,7,-1,8,,,,,,,,,
,,64210,i,,64210,3.556967025,64209,64212,5,1,8,,,,,,,,,,,,,,,,,,,,,,,,,,,,,,87221,1.740165178,87221,87221,2,,8,,,,,,,,,
,,64423,i,,64423,8.951834171,64421,64428,9,1,8,,,,,,,,,,,,,,,,,,,,,,,,,,,,,,87443,2.088851911,87443,87445,4,,8,,,,,,,,,
,,65144,i,,65144,5.169564885,65140,65146,8,-1,8,,,,,,,,,,,,,,,,,,,,,,,,,,,,,,87455,3.38269552,87454,87456,4,1,8,,,,,,,,,
,,65365,i,,65365,4.995149658,65364,65369,7,-1,8,,,,,,,,,,,,,,,,,,,,,,,,,,,,,,88362,6.394123051,88357,88363,8,-1,8,,,,,,,,,
,,65852,i,,65852,9.368787837,65845,65854,11,1,8,,,,,,,,,,,,,,,,,,,,,,,,,,,,,,88369,0.923439026,88369,88369,2,,8,,,,,,,,,
,,65920,i,,65920,0.923439026,65920,65920,2,,8,,,,,,,,,,,,,,,,,,,,,,,,,,,,,,89453,5.645818936,89452,89458,8,1,8,,,,,,,,,
,,66824,i,,66824,6.45490642,66823,66827,6,1,8,,,,,,,,,,,,,,,,,,,,,,,,,,,,,,89508,8.51325836,89505,89513,10,1,8,,,,,,,,,
,,68135,i,,68135,0.923439026,68135,68135,2,,8,,,,,,,,,,,,,,,,,,,,,,,,,,,,,,89773,8.377845178,89766,89774,10,1,8,,,,,,,,,
,,68241,i,,68241,4.889156469,68239,68243,6,-1,8,,,,,,,,,,,,,,,,,,,,,,,,,,,,,,89778,5.433921281,89776,89780,6,-1,8,,,,,,,,,
,,68510,i,,68510,5.743453772,68506,68511,7,-1,8,,,,,,,,,,,,,,,,,,,,,,,,,,,,,,89985,5.442334633,89983,89989,8,1,8,,,,,,,,,
,,68970,i,,68970,12.3734951,68968,68979,13,-1,8,,,,,,,,,,,,,,,,,,,,,,,,,,,,,,90644,11.41955611,90638,90649,13,-1,8,,,,,,,,,
,,69986,i,,69986,0.923439026,69986,69986,2,,8,,,,,,,,,,,,,,,,,,,,,,,,,,,,,,90827,5.463189078,90826,90829,5,-1,8,,,,,,,,,
,,71733,i,,71733,6.977089974,71728,71735,9,1,8,,,,,,,,,,,,,,,,,,,,,,,,,,,,,,91259,1.263767405,91259,91259,2,,8,,,,,,,,,
,,71742,i,,71742,4.577528398,71740,71743,5,-1,8,,,,,,,,,,,,,,,,,,,,,,,,,,,,,,91312,0.719091316,91312,91312,2,,8,,,,,,,,,
,,71970,i,,71970,6.63768,71968,71975,9,-1,8,,,,,,,,,,,,,,,,,,,,,,,,,,,,,,91403,5.471403709,91400,91405,7,1,8,,,,,,,,,
,,73130,i,,73130,2.943868898,73129,73132,5,-1,8,,,,,,,,,,,,,,,,,,,,,,,,,,,,,,91465,1.263767405,91465,91465,2,,8,,,,,,,,,
,,73168,i,,73168,16.52121144,73161,73179,20,-1,8,,,,,,,,,,,,,,,,,,,,,,,,,,,,,,91470,3.897295405,91468,91471,5,-1,8,,,,,,,,,
,,73211,i,,73211,0.719091316,73211,73211,2,,8,,,,,,,,,,,,,,,,,,,,,,,,,,,,,,91496,7.016442937,91489,91497,10,-1,8,,,,,,,,,
,,73314,i,,73314,15.44592149,73306,73319,15,-1,8,,,,,,,,,,,,,,,,,,,,,,,,,,,,,,91499,1.574108304,91499,91500,3,,8,,,,,,,,,
,,73325,i,,73325,1.263767405,73325,73325,2,,8,,,,,,,,,,,,,,,,,,,,,,,,,,,,,,92230,1.263767405,92230,92230,2,,8,,,,,,,,,
,,73331,i,,73331,2.29319962,73330,73332,4,-1,8,,,,,,,,,,,,,,,,,,,,,,,,,,,,,,93267,0.650669278,93267,93267,2,,8,,,,,,,,,
,,73340,i,,73340,2.29319962,73339,73341,4,1,8,,,,,,,,,,,,,,,,,,,,,,,,,,,,,,93271,7.279990925,93269,93275,8,1,8,,,,,,,,,
,,73344,i,,73344,0.719091316,73344,73344,2,,8,,,,,,,,,,,,,,,,,,,,,,,,,,,,,,93377,18.06339747,93375,93387,14,-1,8,,,,,,,,,
,,73355,i,,73355,5.02508214,73353,73357,6,1,8,,,,,,,,,,,,,,,,,,,,,,,,,,,,,,95013,21.55523466,95010,95017,9,-1,8,,,,,,,,,
,,73790,i,,73790,0.719091316,73790,73790,2,,8,,,,,,,,,,,,,,,,,,,,,,,,,,,,,,95316,0.719091316,95316,95316,2,,8,,,,,,,,,
,,74106,i,,74106,3.58704323,74105,74107,4,1,8,,,,,,,,,,,,,,,,,,,,,,,,,,,,,,95321,2.701950038,95320,95322,4,1,8,,,,,,,,,
,,76454,i,,76454,6.560899609,76453,76458,7,1,8,,,,,,,,,,,,,,,,,,,,,,,,,,,,,,95717,0.923439026,95717,95717,2,,8,,,,,,,,,
,,77368,i,,77368,12.37298261,77362,77373,13,1,8,,,,,,,,,,,,,,,,,,,,,,,,,,,,,,95728,3.080712974,95727,95730,5,1,8,,,,,,,,,
,,77970,i,,77970,1.914436683,77970,77971,3,,8,,,,,,,,,,,,,,,,,,,,,,,,,,,,,,95743,5.744317178,95741,95746,7,-1,8,,,,,,,,,
,,77981,i,,77981,2.361621658,77980,77982,4,-1,8,,,,,,,,,,,,,,,,,,,,,,,,,,,,,,120843,9.820693896,120843,120844,3,,8,,,,,,,,,
,,78752,i,,78752,22.6049386,78746,78770,26,1,8,,,,,,,,,,,,,,,,,,,,,,,,,,,,,,122350,13.00772664,122344,122352,10,-1,8,,,,,,,,,
,,78773,i,,78773,4.81200731,78772,78774,4,-1,8,,,,,,,,,,,,,,,,,,,,,,,,,,,,,,122354,1.642530342,122354,122355,3,,8,,,,,,,,,
,,79545,E,,79545,43.99969086,79537,79550,15,1,4,,,,,,,,,,,,,,,,,,,,,,,,,,,,,,122926,1.642530342,122926,122927,3,,8,,,,,,,,,
,,79668,P,,79668,4.955427928,79668,79672,6,,7,,,,,,,,,,,,,,,,,,,,,,,,,,,,,,123610,7.386703798,123605,123612,9,1,8,,,,,,,,,
,,79696,P,,79696,2.088851911,79695,79697,4,-1,7,,,,,,,,,,,,,,,,,,,,,,,,,,,,,,123649,5.509838266,123648,123654,8,1,8,,,,,,,,,
,,79733,P,,79733,7.718305058,79732,79737,7,-1,7,,,,,,,,,,,,,,,,,,,,,,,,,,,,,,123795,16.51949364,123793,123796,5,-1,8,,,,,,,,,
,,79791,P,,79791,10.29803084,79789,79792,5,1,7,,,,,,,,,,,,,,,,,,,,,,,,,,,,,,123799,16.4812028,123798,123800,4,-1,8,,,,,,,,,
,,79818,P,,79818,8.730662918,79817,79820,5,-1,7,,,,,,,,,,,,,,,,,,,,,,,,,,,,,,124402,3.760595051,124400,124403,5,1,8,,,,,,,,,
,,79841,P,,79841,17.24504636,79838,79850,14,-1,7,,,,,,,,,,,,,,,,,,,,,,,,,,,,,,125234,8.135871319,125229,125236,9,1,8,,,,,,,,,
,,79899,R,,79899,896.3001995,79893,79903,12,-1,3,,,,,,,,,,,,,,,,,,,,,,,,,,,,,,126493,5.403845077,126491,126496,7,-1,8,,,,,,,,,
,,80106,E,,80106,118.2970278,80103,80110,9,1,4,,,,,,,,,,,,,,,,,,,,,,,,,,,,,,126775,3.314273482,126774,126776,4,-1,8,,,,,,,,,
,,80111,e,,80111,1.263767405,80111,80111,2,,6,,,,,,,,,,,,,,,,,,,,,,,,,,,,,,126835,4.411264329,126833,126837,6,1,8,,,,,,,,,
,,80175,P,,80175,25.61479661,80171,80181,12,-1,7,,,,,,,,,,,,,,,,,,,,,,,,,,,,,,127584,8.573071234,127581,127587,8,-1,8,,,,,,,,,
,,80206,P,,80206,13.92396501,80204,80211,9,-1,7,,,,,,,,,,,,,,,,,,,,,,,,,,,,,,127636,5.191139014,127635,127638,5,-1,8,,,,,,,,,
,,80227,P,,80227,36.0976186,80224,80233,11,-1,7,,,,,,,,,,,,,,,,,,,,,,,,,,,,,,128349,0.923439026,128349,128349,2,,8,,,,,,,,,
,,80276,P,,80276,24.80607964,80272,80284,14,-1,7,,,,,,,,,,,,,,,,,,,,,,,,,,,,,,129761,5.812595494,129759,129764,7,1,8,,,,,,,,,
,,80323,P,,80323,9.565183109,80317,80324,9,-1,7,,,,,,,,,,,,,,,,,,,,,,,,,,,,,,129771,3.21577524,129769,129772,5,1,8,,,,,,,,,
,,80336,P,,80336,8.82891035,80335,80337,4,-1,7,,,,,,,,,,,,,,,,,,,,,,,,,,,,,,129777,3.178347811,129776,129778,4,-1,8,,,,,,,,,
,,80368,R,,80368,623.5211322,80361,80373,14,-1,3,,,,,,,,,,,,,,,,,,,,,,,,,,,,,,130144,6.288849545,130143,130148,7,-1,8,,,,,,,,,
,,80461,E,,80461,97.65035832,80456,80468,14,1,4,,,,,,,,,,,,,,,,,,,,,,,,,,,,,,130161,1.574108304,130161,130162,3,,8,,,,,,,,,
,,80473,P,,80473,21.25660036,80472,80474,4,-1,7,,,,,,,,,,,,,,,,,,,,,,,,,,,,,,130216,10.31338013,130215,130222,9,-1,8,,,,,,,,,
,,80731,E,,80731,6.629321647,80728,80733,7,-1,4,,,,,,,,,,,,,,,,,,,,,,,,,,,,,,130304,7.423555265,130298,130306,10,1,8,,,,,,,,,
,,80846,E,,80846,0.923439026,80846,80846,2,,4,,,,,,,,,,,,,,,,,,,,,,,,,,,,,,130311,2.088851911,130310,130312,4,-1,8,,,,,,,,,
,,80948,R,,80948,142.8070945,80942,80951,11,-1,3,,,,,,,,,,,,,,,,,,,,,,,,,,,,,,131079,1.740165178,131079,131079,2,,8,,,,,,,,,
,,80965,r,,80965,18.03266681,80958,80971,15,-1,5,,,,,,,,,,,,,,,,,,,,,,,,,,,,,,131903,6.599334166,131899,131905,8,1,8,,,,,,,,,
,,83845,i,,83845,3.216638646,83844,83847,5,-1,8,,,,,,,,,,,,,,,,,,,,,,,,,,,,,,132794,2.565969368,132793,132795,4,-1,8,,,,,,,,,
,,83883,i,,83883,17.8356592,83876,83891,17,-1,8,,,,,,,,,,,,,,,,,,,,,,,,,,,,,,132923,0.923439026,132923,132923,2,,8,,,,,,,,,
,,83963,i,,83963,8.202710267,83958,83965,9,-1,8,,,,,,,,,,,,,,,,,,,,,,,,,,,,,,132927,4.859168988,132925,132930,7,-1,8,,,,,,,,,
,,83968,i,,83968,3.246626127,83967,83969,4,-1,8,,,,,,,,,,,,,,,,,,,,,,,,,,,,,,132945,0.719091316,132945,132945,2,,8,,,,,,,,,
,,84229,i,,84229,14.59841641,84227,84241,16,-1,8,,,,,,,,,,,,,,,,,,,,,,,,,,,,,,134140,2.352750816,134140,134140,2,,8,,,,,,,,,
,,84244,i,,84244,2.739521189,84243,84246,5,-1,8,,,,,,,,,,,,,,,,,,,,,,,,,,,,,,134145,0.719091316,134145,134145,2,,8,,,,,,,,,
,,84301,i,,84301,10.16307645,84295,84307,14,-1,8,,,,,,,,,,,,,,,,,,,,,,,,,,,,,,134153,1.642530342,134153,134154,3,,8,,,,,,,,,
,,84373,i,,84373,1.740165178,84373,84373,2,,8,,,,,,,,,,,,,,,,,,,,,,,,,,,,,,134199,0.923439026,134199,134199,2,,8,,,,,,,,,
,,84441,i,,84441,9.980510068,84437,84446,11,1,8,,,,,,,,,,,,,,,,,,,,,,,,,,,,,,134201,3.101667526,134201,134201,2,,8,,,,,,,,,
,,84486,i,,84486,5.782663012,84481,84487,8,1,8,,,,,,,,,,,,,,,,,,,,,,,,,,,,,,134204,4.743585272,134203,134205,4,-1,8,,,,,,,,,
,,84490,i,,84490,3.352619316,84489,84492,5,1,8,,,,,,,,,,,,,,,,,,,,,,,,,,,,,,136598,7.862381887,136595,136602,9,-1,8,,,,,,,,,
,,84721,i,,84721,4.820878153,84719,84723,6,-1,8,,,,,,,,,,,,,,,,,,,,,,,,,,,,,,137178,4.753175799,137176,137180,6,1,8,,,,,,,,,
,,85451,i,,85451,7.930660203,85450,85457,9,1,8,,,,,,,,,,,,,,,,,,,,,,,,,,,,,,137530,0.719091316,137530,137530,2,,8,,,,,,,,,
,,86835,i,,86835,6.492621293,86833,86838,7,-1,8,,,,,,,,,,,,,,,,,,,,,,,,,,,,,,137871,8.57393464,137866,137872,8,-1,8,,,,,,,,,
,,87221,i,,87221,1.740165178,87221,87221,2,,8,,,,,,,,,,,,,,,,,,,,,,,,,,,,,,137877,2.157273949,137877,137879,4,,8,,,,,,,,,
,,87443,i,,87443,2.088851911,87443,87445,4,,8,,,,,,,,,,,,,,,,,,,,,,,,,,,,,,138019,2.29319962,138018,138020,4,1,8,,,,,,,,,
,,87455,i,,87455,3.38269552,87454,87456,4,1,8,,,,,,,,,,,,,,,,,,,,,,,,,,,,,,138022,0.719091316,138022,138022,2,,8,,,,,,,,,
,,88362,i,,88362,6.394123051,88357,88363,8,-1,8,,,,,,,,,,,,,,,,,,,,,,,,,,,,,,141434,4.927591026,141433,141438,7,-1,8,,,,,,,,,
,,88369,i,,88369,0.923439026,88369,88369,2,,8,,,,,,,,,,,,,,,,,,,,,,,,,,,,,,141952,4.889156469,141950,141954,6,-1,8,,,,,,,,,
,,89453,i,,89453,5.645818936,89452,89458,8,1,8,,,,,,,,,,,,,,,,,,,,,,,,,,,,,,142402,12.25815522,142397,142405,10,-1,8,,,,,,,,,
,,89508,i,,89508,8.51325836,89505,89513,10,1,8,,,,,,,,,,,,,,,,,,,,,,,,,,,,,,142545,0.923439026,142545,142545,2,,8,,,,,,,,,
,,89773,i,,89773,8.377845178,89766,89774,10,1,8,,,,,,,,,,,,,,,,,,,,,,,,,,,,,,143560,11.82804433,143553,143564,13,-1,8,,,,,,,,,
,,89778,i,,89778,5.433921281,89776,89780,6,-1,8,,,,,,,,,,,,,,,,,,,,,,,,,,,,,,143566,1.263767405,143566,143566,2,,8,,,,,,,,,
,,89985,i,,89985,5.442334633,89983,89989,8,1,8,,,,,,,,,,,,,,,,,,,,,,,,,,,,,,143574,3.148216608,143572,143575,5,-1,8,,,,,,,,,
,,90644,i,,90644,11.41955611,90638,90649,13,-1,8,,,,,,,,,,,,,,,,,,,,,,,,,,,,,,143625,9.330597108,143623,143631,10,1,8,,,,,,,,,
,,90827,i,,90827,5.463189078,90826,90829,5,-1,8,,,,,,,,,,,,,,,,,,,,,,,,,,,,,,145388,8.883662944,145382,145389,9,1,8,,,,,,,,,
,,91259,i,,91259,1.263767405,91259,91259,2,,8,,,,,,,,,,,,,,,,,,,,,,,,,,,,,,145422,0.719091316,145422,145422,2,,8,,,,,,,,,
,,91312,i,,91312,0.719091316,91312,91312,2,,8,,,,,,,,,,,,,,,,,,,,,,,,,,,,,,145482,15.41448635,145477,145491,16,1,8,,,,,,,,,
,,91403,i,,91403,5.471403709,91400,91405,7,1,8,,,,,,,,,,,,,,,,,,,,,,,,,,,,,,146081,15.58941407,146072,146087,17,1,8,,,,,,,,,
,,91465,i,,91465,1.263767405,91465,91465,2,,8,,,,,,,,,,,,,,,,,,,,,,,,,,,,,,147483,0.650669278,147483,147483,2,,8,,,,,,,,,
,,91470,i,,91470,3.897295405,91468,91471,5,-1,8,,,,,,,,,,,,,,,,,,,,,,,,,,,,,,147932,2.633528,147931,147933,4,1,8,,,,,,,,,
,,91496,i,,91496,7.016442937,91489,91497,10,-1,8,,,,,,,,,,,,,,,,,,,,,,,,,,,,,,148092,4.79074695,148090,148095,7,1,8,,,,,,,,,
,,91499,i,,91499,1.574108304,91499,91500,3,,8,,,,,,,,,,,,,,,,,,,,,,,,,,,,,,148767,2.663604204,148767,148768,3,,8,,,,,,,,,
,,92230,i,,92230,1.263767405,92230,92230,2,,8,,,,,,,,,,,,,,,,,,,,,,,,,,,,,,148846,2.352750816,148846,148846,2,,8,,,,,,,,,
,,93267,i,,93267,0.650669278,93267,93267,2,,8,,,,,,,,,,,,,,,,,,,,,,,,,,,,,,148850,6.219195334,148848,148853,7,1,8,,,,,,,,,
,,93271,i,,93271,7.279990925,93269,93275,8,1,8,,,,,,,,,,,,,,,,,,,,,,,,,,,,,,148909,5.909717841,148908,148912,6,1,8,,,,,,,,,
,,93377,i,,93377,18.06339747,93375,93387,14,-1,8,,,,,,,,,,,,,,,,,,,,,,,,,,,,,,153447,1.846878051,153447,153448,3,,8,,,,,,,,,
,,93815,E,,93815,50.26304034,93812,93825,15,1,4,,,,,,,,,,,,,,,,,,,,,,,,,,,,,,153452,2.837875709,153451,153453,4,1,8,,,,,,,,,
,,93951,P,,93951,4.850810635,93949,93952,5,1,7,,,,,,,,,,,,,,,,,,,,,,,,,,,,,,157462,1.263767405,157462,157462,2,,8,,,,,,,,,
,,93974,P,,93974,7.10520693,93971,93976,7,1,7,,,,,,,,,,,,,,,,,,,,,,,,,,,,,,157466,1.301338556,157466,157467,3,,8,,,,,,,,,
,,93978,P,,93978,1.642530342,93978,93979,3,,7,,,,,,,,,,,,,,,,,,,,,,,,,,,,,,157941,5.812595494,157940,157945,7,-1,8,,,,,,,,,
,,93984,P,,93984,0.719091316,93984,93984,2,,7,,,,,,,,,,,,,,,,,,,,,,,,,,,,,,158698,8.543245841,158696,158703,9,-1,8,,,,,,,,,
,,93997,P,,93997,22.85282395,93994,93999,7,-1,7,,,,,,,,,,,,,,,,,,,,,,,,,,,,,,158971,11.31335572,158969,158979,12,-1,8,,,,,,,,,
,,94038,P,,94038,1.642530342,94038,94039,3,,7,,,,,,,,,,,,,,,,,,,,,,,,,,,,,,159849,12.31821864,159847,159853,8,-1,8,,,,,,,,,
,,94056,P,,94056,2.352750816,94056,94056,2,,7,,,,,,,,,,,,,,,,,,,,,,,,,,,,,,160045,0.923439026,160045,160045,2,,8,,,,,,,,,
,,94073,P,,94073,28.92877741,94069,94082,15,-1,7,,,,,,,,,,,,,,,,,,,,,,,,,,,,,,160049,6.628809157,160047,160052,7,-1,8,,,,,,,,,
,,94172,P,,94172,0.923439026,94172,94172,2,,7,,,,,,,,,,,,,,,,,,,,,,,,,,,,,,160056,4.033364798,160055,160058,5,-1,8,,,,,,,,,
,,94198,R,,94198,442.6743506,94191,94202,13,-1,3,,,,,,,,,,,,,,,,,,,,,,,,,,,,,,160130,10.12636871,160126,160137,13,1,8,,,,,,,,,
,,95013,i,,95013,21.55523466,95010,95017,9,-1,8,,,,,,,,,,,,,,,,,,,,,,,,,,,,,,162478,14.69501661,162476,162480,6,-1,8,,,,,,,,,
,,95316,i,,95316,0.719091316,95316,95316,2,,8,,,,,,,,,,,,,,,,,,,,,,,,,,,,,,162701,4.20849971,162699,162703,6,1,8,,,,,,,,,
,,95321,i,,95321,2.701950038,95320,95322,4,1,8,,,,,,,,,,,,,,,,,,,,,,,,,,,,,,165752,7.786464902,165749,165754,7,-1,8,,,,,,,,,
,,95717,i,,95717,0.923439026,95717,95717,2,,8,,,,,,,,,,,,,,,,,,,,,,,,,,,,,,165759,2.29319962,165758,165760,4,1,8,,,,,,,,,
,,95728,i,,95728,3.080712974,95727,95730,5,1,8,,,,,,,,,,,,,,,,,,,,,,,,,,,,,,165769,6.871240507,165766,165772,8,1,8,,,,,,,,,
,,95743,i,,95743,5.744317178,95741,95746,7,-1,8,,,,,,,,,,,,,,,,,,,,,,,,,,,,,,168106,4.441602726,168105,168108,5,1,8,,,,,,,,,
,,119647,E,,119647,70.06648057,119645,119651,8,1,4,,,,,,,,,,,,,,,,,,,,,,,,,,,,,,168544,5.811363321,168543,168548,7,-1,8,,,,,,,,,
,,119822,P,,119822,3.987077646,119822,119822,2,,7,,,,,,,,,,,,,,,,,,,,,,,,,,,,,,168651,4.140077671,168650,168654,6,-1,8,,,,,,,,,
,,119832,P,,119832,7.845865393,119831,119834,5,-1,7,,,,,,,,,,,,,,,,,,,,,,,,,,,,,,169248,0.923439026,169248,169248,2,,8,,,,,,,,,
,,120043,R,,120043,957.0618957,120037,120047,12,-1,3,,,,,,,,,,,,,,,,,,,,,,,,,,,,,,169253,4.139214265,169250,169254,6,1,8,,,,,,,,,
,,120843,i,,120843,9.820693896,120843,120844,3,,8,,,,,,,,,,,,,,,,,,,,,,,,,,,,,,169446,12.61541396,169436,169448,14,1,8,,,,,,,,,
,,122350,i,,122350,13.00772664,122344,122352,10,-1,8,,,,,,,,,,,,,,,,,,,,,,,,,,,,,,169585,10.46785412,169585,169585,2,,8,,,,,,,,,
,,122354,i,,122354,1.642530342,122354,122355,3,,8,,,,,,,,,,,,,,,,,,,,,,,,,,,,,,169589,3.071842132,169589,169590,3,,8,,,,,,,,,
,,122926,i,,122926,1.642530342,122926,122927,3,,8,,,,,,,,,,,,,,,,,,,,,,,,,,,,,,171027,0.923439026,171027,171027,2,,8,,,,,,,,,
,,123610,i,,123610,7.386703798,123605,123612,9,1,8,,,,,,,,,,,,,,,,,,,,,,,,,,,,,,171034,7.310167235,171032,171037,7,1,8,,,,,,,,,
,,123649,i,,123649,5.509838266,123648,123654,8,1,8,,,,,,,,,,,,,,,,,,,,,,,,,,,,,,171373,15.451893,171372,171378,8,-1,8,,,,,,,,,
,,123795,i,,123795,16.51949364,123793,123796,5,-1,8,,,,,,,,,,,,,,,,,,,,,,,,,,,,,,174910,0.719091316,174910,174910,2,,8,,,,,,,,,
,,123799,i,,123799,16.4812028,123798,123800,4,-1,8,,,,,,,,,,,,,,,,,,,,,,,,,,,,,,176681,1.263767405,176681,176681,2,,8,,,,,,,,,
,,124402,i,,124402,3.760595051,124400,124403,5,1,8,,,,,,,,,,,,,,,,,,,,,,,,,,,,,,179012,3.38269552,179011,179013,4,1,8,,,,,,,,,
,,125234,i,,125234,8.135871319,125229,125236,9,1,8,,,,,,,,,,,,,,,,,,,,,,,,,,,,,,179463,0.923439026,179463,179463,2,,8,,,,,,,,,
,,126493,i,,126493,5.403845077,126491,126496,7,-1,8,,,,,,,,,,,,,,,,,,,,,,,,,,,,,,179466,5.471403709,179465,179470,7,1,8,,,,,,,,,
,,126775,i,,126775,3.314273482,126774,126776,4,-1,8,,,,,,,,,,,,,,,,,,,,,,,,,,,,,,,,,,,,,,,,,,,,,
,,126835,i,,126835,4.411264329,126833,126837,6,1,8,,,,,,,,,,,,,,,,,,,,,,,,,,,,,,,,,,,,,,,,,,,,,
,,127584,i,,127584,8.573071234,127581,127587,8,-1,8,,,,,,,,,,,,,,,,,,,,,,,,,,,,,,,,,,,,,,,,,,,,,
,,127636,i,,127636,5.191139014,127635,127638,5,-1,8,,,,,,,,,,,,,,,,,,,,,,,,,,,,,,,,,,,,,,,,,,,,,
,,128349,i,,128349,0.923439026,128349,128349,2,,8,,,,,,,,,,,,,,,,,,,,,,,,,,,,,,,,,,,,,,,,,,,,,
,,129761,i,,129761,5.812595494,129759,129764,7,1,8,,,,,,,,,,,,,,,,,,,,,,,,,,,,,,,,,,,,,,,,,,,,,
,,129771,i,,129771,3.21577524,129769,129772,5,1,8,,,,,,,,,,,,,,,,,,,,,,,,,,,,,,,,,,,,,,,,,,,,,
,,129777,i,,129777,3.178347811,129776,129778,4,-1,8,,,,,,,,,,,,,,,,,,,,,,,,,,,,,,,,,,,,,,,,,,,,,
,,130144,i,,130144,6.288849545,130143,130148,7,-1,8,,,,,,,,,,,,,,,,,,,,,,,,,,,,,,,,,,,,,,,,,,,,,
,,130161,i,,130161,1.574108304,130161,130162,3,,8,,,,,,,,,,,,,,,,,,,,,,,,,,,,,,,,,,,,,,,,,,,,,
,,130216,i,,130216,10.31338013,130215,130222,9,-1,8,,,,,,,,,,,,,,,,,,,,,,,,,,,,,,,,,,,,,,,,,,,,,
,,130304,i,,130304,7.423555265,130298,130306,10,1,8,,,,,,,,,,,,,,,,,,,,,,,,,,,,,,,,,,,,,,,,,,,,,
,,130311,i,,130311,2.088851911,130310,130312,4,-1,8,,,,,,,,,,,,,,,,,,,,,,,,,,,,,,,,,,,,,,,,,,,,,
,,131079,i,,131079,1.740165178,131079,131079,2,,8,,,,,,,,,,,,,,,,,,,,,,,,,,,,,,,,,,,,,,,,,,,,,
,,131903,i,,131903,6.599334166,131899,131905,8,1,8,,,,,,,,,,,,,,,,,,,,,,,,,,,,,,,,,,,,,,,,,,,,,
,,132794,i,,132794,2.565969368,132793,132795,4,-1,8,,,,,,,,,,,,,,,,,,,,,,,,,,,,,,,,,,,,,,,,,,,,,
,,132923,i,,132923,0.923439026,132923,132923,2,,8,,,,,,,,,,,,,,,,,,,,,,,,,,,,,,,,,,,,,,,,,,,,,
,,132927,i,,132927,4.859168988,132925,132930,7,-1,8,,,,,,,,,,,,,,,,,,,,,,,,,,,,,,,,,,,,,,,,,,,,,
,,132945,i,,132945,0.719091316,132945,132945,2,,8,,,,,,,,,,,,,,,,,,,,,,,,,,,,,,,,,,,,,,,,,,,,,
,,134140,i,,134140,2.352750816,134140,134140,2,,8,,,,,,,,,,,,,,,,,,,,,,,,,,,,,,,,,,,,,,,,,,,,,
,,134145,i,,134145,0.719091316,134145,134145,2,,8,,,,,,,,,,,,,,,,,,,,,,,,,,,,,,,,,,,,,,,,,,,,,
,,134153,i,,134153,1.642530342,134153,134154,3,,8,,,,,,,,,,,,,,,,,,,,,,,,,,,,,,,,,,,,,,,,,,,,,
,,134199,i,,134199,0.923439026,134199,134199,2,,8,,,,,,,,,,,,,,,,,,,,,,,,,,,,,,,,,,,,,,,,,,,,,
,,134201,i,,134201,3.101667526,134201,134201,2,,8,,,,,,,,,,,,,,,,,,,,,,,,,,,,,,,,,,,,,,,,,,,,,
,,134204,i,,134204,4.743585272,134203,134205,4,-1,8,,,,,,,,,,,,,,,,,,,,,,,,,,,,,,,,,,,,,,,,,,,,,
,,136598,i,,136598,7.862381887,136595,136602,9,-1,8,,,,,,,,,,,,,,,,,,,,,,,,,,,,,,,,,,,,,,,,,,,,,
,,137178,i,,137178,4.753175799,137176,137180,6,1,8,,,,,,,,,,,,,,,,,,,,,,,,,,,,,,,,,,,,,,,,,,,,,
,,137530,i,,137530,0.719091316,137530,137530,2,,8,,,,,,,,,,,,,,,,,,,,,,,,,,,,,,,,,,,,,,,,,,,,,
,,137871,i,,137871,8.57393464,137866,137872,8,-1,8,,,,,,,,,,,,,,,,,,,,,,,,,,,,,,,,,,,,,,,,,,,,,
,,137877,i,,137877,2.157273949,137877,137879,4,,8,,,,,,,,,,,,,,,,,,,,,,,,,,,,,,,,,,,,,,,,,,,,,
,,138019,i,,138019,2.29319962,138018,138020,4,1,8,,,,,,,,,,,,,,,,,,,,,,,,,,,,,,,,,,,,,,,,,,,,,
,,138022,i,,138022,0.719091316,138022,138022,2,,8,,,,,,,,,,,,,,,,,,,,,,,,,,,,,,,,,,,,,,,,,,,,,
,,138706,E,,138706,112.5195956,138703,138715,14,1,4,,,,,,,,,,,,,,,,,,,,,,,,,,,,,,,,,,,,,,,,,,,,,
,,138854,P,,138854,8.990799583,138849,138857,10,1,7,,,,,,,,,,,,,,,,,,,,,,,,,,,,,,,,,,,,,,,,,,,,,
,,138899,P,,138899,4.335609537,138898,138900,4,1,7,,,,,,,,,,,,,,,,,,,,,,,,,,,,,,,,,,,,,,,,,,,,,
,,138907,P,,138907,17.46973629,138902,138911,11,-1,7,,,,,,,,,,,,,,,,,,,,,,,,,,,,,,,,,,,,,,,,,,,,,
,,138939,P,,138939,0.719091316,138939,138939,2,,7,,,,,,,,,,,,,,,,,,,,,,,,,,,,,,,,,,,,,,,,,,,,,
,,139004,P,,139004,11.90186495,139003,139007,6,1,7,,,,,,,,,,,,,,,,,,,,,,,,,,,,,,,,,,,,,,,,,,,,,
,,139025,P,,139025,19.40847792,139020,139028,10,1,7,,,,,,,,,,,,,,,,,,,,,,,,,,,,,,,,,,,,,,,,,,,,,
,,139071,R,,139071,1081.7834,139065,139075,12,-1,3,,,,,,,,,,,,,,,,,,,,,,,,,,,,,,,,,,,,,,,,,,,,,
,,139565,E,,139565,5.628940657,139564,139566,4,-1,4,,,,,,,,,,,,,,,,,,,,,,,,,,,,,,,,,,,,,,,,,,,,,
,,141434,i,,141434,4.927591026,141433,141438,7,-1,8,,,,,,,,,,,,,,,,,,,,,,,,,,,,,,,,,,,,,,,,,,,,,
,,141952,i,,141952,4.889156469,141950,141954,6,-1,8,,,,,,,,,,,,,,,,,,,,,,,,,,,,,,,,,,,,,,,,,,,,,
,,142402,i,,142402,12.25815522,142397,142405,10,-1,8,,,,,,,,,,,,,,,,,,,,,,,,,,,,,,,,,,,,,,,,,,,,,
,,142545,i,,142545,0.923439026,142545,142545,2,,8,,,,,,,,,,,,,,,,,,,,,,,,,,,,,,,,,,,,,,,,,,,,,
,,143560,i,,143560,11.82804433,143553,143564,13,-1,8,,,,,,,,,,,,,,,,,,,,,,,,,,,,,,,,,,,,,,,,,,,,,
,,143566,i,,143566,1.263767405,143566,143566,2,,8,,,,,,,,,,,,,,,,,,,,,,,,,,,,,,,,,,,,,,,,,,,,,
,,143574,i,,143574,3.148216608,143572,143575,5,-1,8,,,,,,,,,,,,,,,,,,,,,,,,,,,,,,,,,,,,,,,,,,,,,
,,143625,i,,143625,9.330597108,143623,143631,10,1,8,,,,,,,,,,,,,,,,,,,,,,,,,,,,,,,,,,,,,,,,,,,,,
,,145388,i,,145388,8.883662944,145382,145389,9,1,8,,,,,,,,,,,,,,,,,,,,,,,,,,,,,,,,,,,,,,,,,,,,,
,,145422,i,,145422,0.719091316,145422,145422,2,,8,,,,,,,,,,,,,,,,,,,,,,,,,,,,,,,,,,,,,,,,,,,,,
,,145482,i,,145482,15.41448635,145477,145491,16,1,8,,,,,,,,,,,,,,,,,,,,,,,,,,,,,,,,,,,,,,,,,,,,,
,,146081,i,,146081,15.58941407,146072,146087,17,1,8,,,,,,,,,,,,,,,,,,,,,,,,,,,,,,,,,,,,,,,,,,,,,
,,147483,i,,147483,0.650669278,147483,147483,2,,8,,,,,,,,,,,,,,,,,,,,,,,,,,,,,,,,,,,,,,,,,,,,,
,,147932,i,,147932,2.633528,147931,147933,4,1,8,,,,,,,,,,,,,,,,,,,,,,,,,,,,,,,,,,,,,,,,,,,,,
,,148092,i,,148092,4.79074695,148090,148095,7,1,8,,,,,,,,,,,,,,,,,,,,,,,,,,,,,,,,,,,,,,,,,,,,,
,,148767,i,,148767,2.663604204,148767,148768,3,,8,,,,,,,,,,,,,,,,,,,,,,,,,,,,,,,,,,,,,,,,,,,,,
,,148846,i,,148846,2.352750816,148846,148846,2,,8,,,,,,,,,,,,,,,,,,,,,,,,,,,,,,,,,,,,,,,,,,,,,
,,148850,i,,148850,6.219195334,148848,148853,7,1,8,,,,,,,,,,,,,,,,,,,,,,,,,,,,,,,,,,,,,,,,,,,,,
,,148909,i,,148909,5.909717841,148908,148912,6,1,8,,,,,,,,,,,,,,,,,,,,,,,,,,,,,,,,,,,,,,,,,,,,,
,,153447,i,,153447,1.846878051,153447,153448,3,,8,,,,,,,,,,,,,,,,,,,,,,,,,,,,,,,,,,,,,,,,,,,,,
,,153452,i,,153452,2.837875709,153451,153453,4,1,8,,,,,,,,,,,,,,,,,,,,,,,,,,,,,,,,,,,,,,,,,,,,,
,,157462,i,,157462,1.263767405,157462,157462,2,,8,,,,,,,,,,,,,,,,,,,,,,,,,,,,,,,,,,,,,,,,,,,,,
,,157466,i,,157466,1.301338556,157466,157467,3,,8,,,,,,,,,,,,,,,,,,,,,,,,,,,,,,,,,,,,,,,,,,,,,
,,157941,i,,157941,5.812595494,157940,157945,7,-1,8,,,,,,,,,,,,,,,,,,,,,,,,,,,,,,,,,,,,,,,,,,,,,
,,158698,i,,158698,8.543245841,158696,158703,9,-1,8,,,,,,,,,,,,,,,,,,,,,,,,,,,,,,,,,,,,,,,,,,,,,
,,158971,i,,158971,11.31335572,158969,158979,12,-1,8,,,,,,,,,,,,,,,,,,,,,,,,,,,,,,,,,,,,,,,,,,,,,
,,159849,i,,159849,12.31821864,159847,159853,8,-1,8,,,,,,,,,,,,,,,,,,,,,,,,,,,,,,,,,,,,,,,,,,,,,
,,160045,i,,160045,0.923439026,160045,160045,2,,8,,,,,,,,,,,,,,,,,,,,,,,,,,,,,,,,,,,,,,,,,,,,,
,,160049,i,,160049,6.628809157,160047,160052,7,-1,8,,,,,,,,,,,,,,,,,,,,,,,,,,,,,,,,,,,,,,,,,,,,,
,,160056,i,,160056,4.033364798,160055,160058,5,-1,8,,,,,,,,,,,,,,,,,,,,,,,,,,,,,,,,,,,,,,,,,,,,,
,,160130,i,,160130,10.12636871,160126,160137,13,1,8,,,,,,,,,,,,,,,,,,,,,,,,,,,,,,,,,,,,,,,,,,,,,
,,161311,e,,161311,0.650669278,161311,161311,2,,6,,,,,,,,,,,,,,,,,,,,,,,,,,,,,,,,,,,,,,,,,,,,,
,,161383,E,,161383,100.3934666,161381,161388,9,1,4,,,,,,,,,,,,,,,,,,,,,,,,,,,,,,,,,,,,,,,,,,,,,
,,161642,P,,161642,35.17162294,161640,161647,9,-1,7,,,,,,,,,,,,,,,,,,,,,,,,,,,,,,,,,,,,,,,,,,,,,
,,161668,P,,161668,2.943868898,161667,161670,5,1,7,,,,,,,,,,,,,,,,,,,,,,,,,,,,,,,,,,,,,,,,,,,,,
,,161704,P,,161704,6.377857367,161703,161705,4,-1,7,,,,,,,,,,,,,,,,,,,,,,,,,,,,,,,,,,,,,,,,,,,,,
,,161764,P,,161764,1.740165178,161764,161764,2,,7,,,,,,,,,,,,,,,,,,,,,,,,,,,,,,,,,,,,,,,,,,,,,
,,161776,P,,161776,3.987077646,161776,161776,2,,7,,,,,,,,,,,,,,,,,,,,,,,,,,,,,,,,,,,,,,,,,,,,,
,,161779,P,,161779,0.923439026,161779,161779,2,,7,,,,,,,,,,,,,,,,,,,,,,,,,,,,,,,,,,,,,,,,,,,,,
,,161803,R,,161803,1053.296215,161797,161807,12,-1,3,,,,,,,,,,,,,,,,,,,,,,,,,,,,,,,,,,,,,,,,,,,,,
,,162478,i,,162478,14.69501661,162476,162480,6,-1,8,,,,,,,,,,,,,,,,,,,,,,,,,,,,,,,,,,,,,,,,,,,,,
,,162701,i,,162701,4.20849971,162699,162703,6,1,8,,,,,,,,,,,,,,,,,,,,,,,,,,,,,,,,,,,,,,,,,,,,,
,,165752,i,,165752,7.786464902,165749,165754,7,-1,8,,,,,,,,,,,,,,,,,,,,,,,,,,,,,,,,,,,,,,,,,,,,,
,,165759,i,,165759,2.29319962,165758,165760,4,1,8,,,,,,,,,,,,,,,,,,,,,,,,,,,,,,,,,,,,,,,,,,,,,
,,165769,i,,165769,6.871240507,165766,165772,8,1,8,,,,,,,,,,,,,,,,,,,,,,,,,,,,,,,,,,,,,,,,,,,,,
,,168106,i,,168106,4.441602726,168105,168108,5,1,8,,,,,,,,,,,,,,,,,,,,,,,,,,,,,,,,,,,,,,,,,,,,,
,,168544,i,,168544,5.811363321,168543,168548,7,-1,8,,,,,,,,,,,,,,,,,,,,,,,,,,,,,,,,,,,,,,,,,,,,,
,,168651,i,,168651,4.140077671,168650,168654,6,-1,8,,,,,,,,,,,,,,,,,,,,,,,,,,,,,,,,,,,,,,,,,,,,,
,,169248,i,,169248,0.923439026,169248,169248,2,,8,,,,,,,,,,,,,,,,,,,,,,,,,,,,,,,,,,,,,,,,,,,,,
,,169253,i,,169253,4.139214265,169250,169254,6,1,8,,,,,,,,,,,,,,,,,,,,,,,,,,,,,,,,,,,,,,,,,,,,,
,,169446,i,,169446,12.61541396,169436,169448,14,1,8,,,,,,,,,,,,,,,,,,,,,,,,,,,,,,,,,,,,,,,,,,,,,
,,169585,i,,169585,10.46785412,169585,169585,2,,8,,,,,,,,,,,,,,,,,,,,,,,,,,,,,,,,,,,,,,,,,,,,,
,,169589,i,,169589,3.071842132,169589,169590,3,,8,,,,,,,,,,,,,,,,,,,,,,,,,,,,,,,,,,,,,,,,,,,,,
,,170144,e,,170144,19.62390446,170134,170153,21,1,6,,,,,,,,,,,,,,,,,,,,,,,,,,,,,,,,,,,,,,,,,,,,,
,,170175,E,,170175,110.44407,170171,170183,14,1,4,,,,,,,,,,,,,,,,,,,,,,,,,,,,,,,,,,,,,,,,,,,,,
,,170216,P,,170216,0.923439026,170216,170216,2,,7,,,,,,,,,,,,,,,,,,,,,,,,,,,,,,,,,,,,,,,,,,,,,
,,170290,P,,170290,3.109925773,170289,170291,4,-1,7,,,,,,,,,,,,,,,,,,,,,,,,,,,,,,,,,,,,,,,,,,,,,
,,170457,P,,170457,28.75185532,170455,170461,8,-1,7,,,,,,,,,,,,,,,,,,,,,,,,,,,,,,,,,,,,,,,,,,,,,
,,170498,P,,170498,27.48984021,170492,170503,13,-1,7,,,,,,,,,,,,,,,,,,,,,,,,,,,,,,,,,,,,,,,,,,,,,
,,170559,P,,170559,28.2987009,170556,170565,11,-1,7,,,,,,,,,,,,,,,,,,,,,,,,,,,,,,,,,,,,,,,,,,,,,
,,170588,P,,170588,13.47664058,170585,170591,8,-1,7,,,,,,,,,,,,,,,,,,,,,,,,,,,,,,,,,,,,,,,,,,,,,
,,170635,P,,170635,2.352750816,170635,170635,2,,7,,,,,,,,,,,,,,,,,,,,,,,,,,,,,,,,,,,,,,,,,,,,,
,,170642,P,,170642,1.263767405,170642,170642,2,,7,,,,,,,,,,,,,,,,,,,,,,,,,,,,,,,,,,,,,,,,,,,,,
,,170656,P,,170656,8.89725487,170656,170656,2,,7,,,,,,,,,,,,,,,,,,,,,,,,,,,,,,,,,,,,,,,,,,,,,
,,170665,R,,170665,1382.751833,170658,170669,13,-1,3,,,,,,,,,,,,,,,,,,,,,,,,,,,,,,,,,,,,,,,,,,,,,
,,170774,E,,170774,3.110645457,170773,170775,4,-1,4,,,,,,,,,,,,,,,,,,,,,,,,,,,,,,,,,,,,,,,,,,,,,
,,170863,E,,170863,187.9610282,170858,170870,14,1,4,,,,,,,,,,,,,,,,,,,,,,,,,,,,,,,,,,,,,,,,,,,,,
,,170887,P,,170887,23.6228291,170884,170890,8,-1,7,,,,,,,,,,,,,,,,,,,,,,,,,,,,,,,,,,,,,,,,,,,,,
,,170962,P,,170962,19.92666982,170960,170969,11,1,7,,,,,,,,,,,,,,,,,,,,,,,,,,,,,,,,,,,,,,,,,,,,,
,,171001,P,,171001,0.719091316,171001,171001,2,,7,,,,,,,,,,,,,,,,,,,,,,,,,,,,,,,,,,,,,,,,,,,,,
,,171005,P,,171005,4.025106551,171005,171006,3,,7,,,,,,,,,,,,,,,,,,,,,,,,,,,,,,,,,,,,,,,,,,,,,
,,171009,P,,171009,10.54792252,171008,171014,8,1,7,,,,,,,,,,,,,,,,,,,,,,,,,,,,,,,,,,,,,,,,,,,,,
,,171024,P,,171024,0.923439026,171024,171024,2,,7,,,,,,,,,,,,,,,,,,,,,,,,,,,,,,,,,,,,,,,,,,,,,
,,171027,i,,171027,0.923439026,171027,171027,2,,8,,,,,,,,,,,,,,,,,,,,,,,,,,,,,,,,,,,,,,,,,,,,,
,,171030,P,,171030,0.719091316,171030,171030,2,,7,,,,,,,,,,,,,,,,,,,,,,,,,,,,,,,,,,,,,,,,,,,,,
,,171034,i,,171034,7.310167235,171032,171037,7,1,8,,,,,,,,,,,,,,,,,,,,,,,,,,,,,,,,,,,,,,,,,,,,,
,,171085,P,,171085,18.37691202,171083,171089,8,-1,7,,,,,,,,,,,,,,,,,,,,,,,,,,,,,,,,,,,,,,,,,,,,,
,,171090,E,,171090,2.352750816,171090,171090,2,,4,,,,,,,,,,,,,,,,,,,,,,,,,,,,,,,,,,,,,,,,,,,,,
,,171092,P,,171092,2.157273949,171091,171093,4,-1,7,,,,,,,,,,,,,,,,,,,,,,,,,,,,,,,,,,,,,,,,,,,,,
,,171094,E,,171094,1.263767405,171094,171094,2,,4,,,,,,,,,,,,,,,,,,,,,,,,,,,,,,,,,,,,,,,,,,,,,
,,171131,P,,171131,18.28104159,171128,171135,9,-1,7,,,,,,,,,,,,,,,,,,,,,,,,,,,,,,,,,,,,,,,,,,,,,
,,171162,P,,171162,16.30049795,171156,171170,16,-1,7,,,,,,,,,,,,,,,,,,,,,,,,,,,,,,,,,,,,,,,,,,,,,
,,171173,P,,171173,3.38269552,171172,171174,4,-1,7,,,,,,,,,,,,,,,,,,,,,,,,,,,,,,,,,,,,,,,,,,,,,
,,171184,P,,171184,1.982858722,171184,171185,3,,7,,,,,,,,,,,,,,,,,,,,,,,,,,,,,,,,,,,,,,,,,,,,,
,,171215,P,,171215,0.923439026,171215,171215,2,,7,,,,,,,,,,,,,,,,,,,,,,,,,,,,,,,,,,,,,,,,,,,,,
,,171226,P,,171226,12.3090975,171225,171229,6,-1,7,,,,,,,,,,,,,,,,,,,,,,,,,,,,,,,,,,,,,,,,,,,,,
,,171234,P,,171234,5.6378115,171232,171236,6,1,7,,,,,,,,,,,,,,,,,,,,,,,,,,,,,,,,,,,,,,,,,,,,,
,,171255,R,,171255,749.5940549,171249,171259,12,-1,3,,,,,,,,,,,,,,,,,,,,,,,,,,,,,,,,,,,,,,,,,,,,,
,,171373,i,,171373,15.451893,171372,171378,8,-1,8,,,,,,,,,,,,,,,,,,,,,,,,,,,,,,,,,,,,,,,,,,,,,
,,174910,i,,174910,0.719091316,174910,174910,2,,8,,,,,,,,,,,,,,,,,,,,,,,,,,,,,,,,,,,,,,,,,,,,,
,,176681,i,,176681,1.263767405,176681,176681,2,,8,,,,,,,,,,,,,,,,,,,,,,,,,,,,,,,,,,,,,,,,,,,,,
,,179012,i,,179012,3.38269552,179011,179013,4,1,8,,,,,,,,,,,,,,,,,,,,,,,,,,,,,,,,,,,,,,,,,,,,,
,,179463,i,,179463,0.923439026,179463,179463,2,,8,,,,,,,,,,,,,,,,,,,,,,,,,,,,,,,,,,,,,,,,,,,,,
,,179466,i,,179466,5.471403709,179465,179470,7,1,8,,,,,,,,,,,,,,,,,,,,,,,,,,,,,,,,,,,,,,,,,,,,,